period,from_device,to_device,bandwidth_mbps
1,rpi5_1,rpi5_2,102.1
1,rpi5_1,rpi5_3,94.5
1,rpi5_1,jetson1,55.6
1,rpi5_1,jetson2,57.8
1,rpi5_1,jetson3,55.5
1,rpi5_1,pc_cpu,66.7
1,rpi5_2,rpi5_1,102.1
1,rpi5_2,rpi5_3,103.9
1,rpi5_2,jetson1,49.3
1,rpi5_2,jetson2,49.9
1,rpi5_2,jetson3,59.9
1,rpi5_2,pc_cpu,87.5
1,rpi5_3,rpi5_1,94.5
1,rpi5_3,rpi5_2,103.9
1,rpi5_3,jetson1,54.9
1,rpi5_3,jetson2,41.3
1,rpi5_3,jetson3,50.1
1,rpi5_3,pc_cpu,85.5
1,jetson1,rpi5_1,55.6
1,jetson1,rpi5_2,49.3
1,jetson1,rpi5_3,54.9
1,jetson1,jetson2,207.5
1,jetson1,jetson3,214.1
1,jetson1,pc_cpu,170.0
1,jetson2,rpi5_1,57.8
1,jetson2,rpi5_2,49.9
1,jetson2,rpi5_3,41.3
1,jetson2,jetson1,207.5
1,jetson2,jetson3,207.7
1,jetson2,pc_cpu,178.5
1,jetson3,rpi5_1,55.5
1,jetson3,rpi5_2,59.9
1,jetson3,rpi5_3,50.1
1,jetson3,jetson1,214.1
1,jetson3,jetson2,207.7
1,jetson3,pc_cpu,152.3
1,pc_cpu,rpi5_1,66.7
1,pc_cpu,rpi5_2,87.5
1,pc_cpu,rpi5_3,85.5
1,pc_cpu,jetson1,170.0
1,pc_cpu,jetson2,178.5
1,pc_cpu,jetson3,152.3
2,rpi5_1,rpi5_2,111.2
2,rpi5_1,rpi5_3,97.3
2,rpi5_1,jetson1,51.6
2,rpi5_1,jetson2,54.0
2,rpi5_1,jetson3,55.9
2,rpi5_1,pc_cpu,77.9
2,rpi5_2,rpi5_1,111.2
2,rpi5_2,rpi5_3,105.9
2,rpi5_2,jetson1,64.2
2,rpi5_2,jetson2,56.4
2,rpi5_2,jetson3,53.0
2,rpi5_2,pc_cpu,79.3
2,rpi5_3,rpi5_1,97.3
2,rpi5_3,rpi5_2,105.9
2,rpi5_3,jetson1,50.8
2,rpi5_3,jetson2,44.8
2,rpi5_3,jetson3,53.8
2,rpi5_3,pc_cpu,70.7
2,jetson1,rpi5_1,51.6
2,jetson1,rpi5_2,64.2
2,jetson1,rpi5_3,50.8
2,jetson1,jetson2,204.1
2,jetson1,jetson3,170.5
2,jetson1,pc_cpu,183.3
2,jetson2,rpi5_1,54.0
2,jetson2,rpi5_2,56.4
2,jetson2,rpi5_3,44.8
2,jetson2,jetson1,204.1
2,jetson2,jetson3,200.6
2,jetson2,pc_cpu,177.4
2,jetson3,rpi5_1,55.9
2,jetson3,rpi5_2,53.0
2,jetson3,rpi5_3,53.8
2,jetson3,jetson1,170.5
2,jetson3,jetson2,200.6
2,jetson3,pc_cpu,174.5
2,pc_cpu,rpi5_1,77.9
2,pc_cpu,rpi5_2,79.3
2,pc_cpu,rpi5_3,70.7
2,pc_cpu,jetson1,183.3
2,pc_cpu,jetson2,177.4
2,pc_cpu,jetson3,174.5
3,rpi5_1,rpi5_2,116.3
3,rpi5_1,rpi5_3,92.4
3,rpi5_1,jetson1,40.0
3,rpi5_1,jetson2,48.6
3,rpi5_1,jetson3,44.3
3,rpi5_1,pc_cpu,72.4
3,rpi5_2,rpi5_1,116.3
3,rpi5_2,rpi5_3,105.2
3,rpi5_2,jetson1,53.4
3,rpi5_2,jetson2,47.2
3,rpi5_2,jetson3,56.9
3,rpi5_2,pc_cpu,91.4
3,rpi5_3,rpi5_1,92.4
3,rpi5_3,rpi5_2,105.2
3,rpi5_3,jetson1,58.1
3,rpi5_3,jetson2,51.4
3,rpi5_3,jetson3,50.8
3,rpi5_3,pc_cpu,89.4
3,jetson1,rpi5_1,40.0
3,jetson1,rpi5_2,53.4
3,jetson1,rpi5_3,58.1
3,jetson1,jetson2,200.5
3,jetson1,jetson3,181.3
3,jetson1,pc_cpu,147.8
3,jetson2,rpi5_1,48.6
3,jetson2,rpi5_2,47.2
3,jetson2,rpi5_3,51.4
3,jetson2,jetson1,200.5
3,jetson2,jetson3,216.8
3,jetson2,pc_cpu,178.2
3,jetson3,rpi5_1,44.3
3,jetson3,rpi5_2,56.9
3,jetson3,rpi5_3,50.8
3,jetson3,jetson1,181.3
3,jetson3,jetson2,216.8
3,jetson3,pc_cpu,169.4
3,pc_cpu,rpi5_1,72.4
3,pc_cpu,rpi5_2,91.4
3,pc_cpu,rpi5_3,89.4
3,pc_cpu,jetson1,147.8
3,pc_cpu,jetson2,178.2
3,pc_cpu,jetson3,169.4
4,rpi5_1,rpi5_2,88.5
4,rpi5_1,rpi5_3,108.2
4,rpi5_1,jetson1,61.9
4,rpi5_1,jetson2,50.8
4,rpi5_1,jetson3,54.3
4,rpi5_1,pc_cpu,87.1
4,rpi5_2,rpi5_1,88.5
4,rpi5_2,rpi5_3,103.0
4,rpi5_2,jetson1,47.0
4,rpi5_2,jetson2,60.6
4,rpi5_2,jetson3,54.7
4,rpi5_2,pc_cpu,75.8
4,rpi5_3,rpi5_1,108.2
4,rpi5_3,rpi5_2,103.0
4,rpi5_3,jetson1,61.1
4,rpi5_3,jetson2,53.7
4,rpi5_3,jetson3,55.6
4,rpi5_3,pc_cpu,77.1
4,jetson1,rpi5_1,61.9
4,jetson1,rpi5_2,47.0
4,jetson1,rpi5_3,61.1
4,jetson1,jetson2,184.5
4,jetson1,jetson3,218.2
4,jetson1,pc_cpu,172.7
4,jetson2,rpi5_1,50.8
4,jetson2,rpi5_2,60.6
4,jetson2,rpi5_3,53.7
4,jetson2,jetson1,184.5
4,jetson2,jetson3,196.3
4,jetson2,pc_cpu,177.6
4,jetson3,rpi5_1,54.3
4,jetson3,rpi5_2,54.7
4,jetson3,rpi5_3,55.6
4,jetson3,jetson1,218.2
4,jetson3,jetson2,196.3
4,jetson3,pc_cpu,143.2
4,pc_cpu,rpi5_1,87.1
4,pc_cpu,rpi5_2,75.8
4,pc_cpu,rpi5_3,77.1
4,pc_cpu,jetson1,172.7
4,pc_cpu,jetson2,177.6
4,pc_cpu,jetson3,143.2
5,rpi5_1,rpi5_2,109.7
5,rpi5_1,rpi5_3,99.1
5,rpi5_1,jetson1,54.8
5,rpi5_1,jetson2,56.1
5,rpi5_1,jetson3,47.7
5,rpi5_1,pc_cpu,71.5
5,rpi5_2,rpi5_1,109.7
5,rpi5_2,rpi5_3,98.9
5,rpi5_2,jetson1,57.8
5,rpi5_2,jetson2,63.2
5,rpi5_2,jetson3,59.2
5,rpi5_2,pc_cpu,84.3
5,rpi5_3,rpi5_1,99.1
5,rpi5_3,rpi5_2,98.9
5,rpi5_3,jetson1,53.6
5,rpi5_3,jetson2,59.6
5,rpi5_3,jetson3,53.7
5,rpi5_3,pc_cpu,80.3
5,jetson1,rpi5_1,54.8
5,jetson1,rpi5_2,57.8
5,jetson1,rpi5_3,53.6
5,jetson1,jetson2,186.2
5,jetson1,jetson3,199.8
5,jetson1,pc_cpu,175.5
5,jetson2,rpi5_1,56.1
5,jetson2,rpi5_2,63.2
5,jetson2,rpi5_3,59.6
5,jetson2,jetson1,186.2
5,jetson2,jetson3,239.2
5,jetson2,pc_cpu,173.4
5,jetson3,rpi5_1,47.7
5,jetson3,rpi5_2,59.2
5,jetson3,rpi5_3,53.7
5,jetson3,jetson1,199.8
5,jetson3,jetson2,239.2
5,jetson3,pc_cpu,204.5
5,pc_cpu,rpi5_1,71.5
5,pc_cpu,rpi5_2,84.3
5,pc_cpu,rpi5_3,80.3
5,pc_cpu,jetson1,175.5
5,pc_cpu,jetson2,173.4
5,pc_cpu,jetson3,204.5
6,rpi5_1,rpi5_2,123.7
6,rpi5_1,rpi5_3,105.1
6,rpi5_1,jetson1,60.8
6,rpi5_1,jetson2,57.4
6,rpi5_1,jetson3,48.7
6,rpi5_1,pc_cpu,93.3
6,rpi5_2,rpi5_1,123.7
6,rpi5_2,rpi5_3,123.3
6,rpi5_2,jetson1,56.4
6,rpi5_2,jetson2,61.2
6,rpi5_2,jetson3,52.3
6,rpi5_2,pc_cpu,87.8
6,rpi5_3,rpi5_1,105.1
6,rpi5_3,rpi5_2,123.3
6,rpi5_3,jetson1,59.4
6,rpi5_3,jetson2,52.7
6,rpi5_3,jetson3,52.5
6,rpi5_3,pc_cpu,97.0
6,jetson1,rpi5_1,60.8
6,jetson1,rpi5_2,56.4
6,jetson1,rpi5_3,59.4
6,jetson1,jetson2,217.7
6,jetson1,jetson3,244.1
6,jetson1,pc_cpu,150.5
6,jetson2,rpi5_1,57.4
6,jetson2,rpi5_2,61.2
6,jetson2,rpi5_3,52.7
6,jetson2,jetson1,217.7
6,jetson2,jetson3,193.3
6,jetson2,pc_cpu,195.1
6,jetson3,rpi5_1,48.7
6,jetson3,rpi5_2,52.3
6,jetson3,rpi5_3,52.5
6,jetson3,jetson1,244.1
6,jetson3,jetson2,193.3
6,jetson3,pc_cpu,168.7
6,pc_cpu,rpi5_1,93.3
6,pc_cpu,rpi5_2,87.8
6,pc_cpu,rpi5_3,97.0
6,pc_cpu,jetson1,150.5
6,pc_cpu,jetson2,195.1
6,pc_cpu,jetson3,168.7
7,rpi5_1,rpi5_2,106.6
7,rpi5_1,rpi5_3,102.9
7,rpi5_1,jetson1,53.5
7,rpi5_1,jetson2,55.3
7,rpi5_1,jetson3,56.4
7,rpi5_1,pc_cpu,87.8
7,rpi5_2,rpi5_1,106.6
7,rpi5_2,rpi5_3,100.8
7,rpi5_2,jetson1,56.9
7,rpi5_2,jetson2,51.9
7,rpi5_2,jetson3,57.3
7,rpi5_2,pc_cpu,95.8
7,rpi5_3,rpi5_1,102.9
7,rpi5_3,rpi5_2,100.8
7,rpi5_3,jetson1,52.5
7,rpi5_3,jetson2,50.8
7,rpi5_3,jetson3,63.1
7,rpi5_3,pc_cpu,88.0
7,jetson1,rpi5_1,53.5
7,jetson1,rpi5_2,56.9
7,jetson1,rpi5_3,52.5
7,jetson1,jetson2,243.4
7,jetson1,jetson3,217.7
7,jetson1,pc_cpu,173.4
7,jetson2,rpi5_1,55.3
7,jetson2,rpi5_2,51.9
7,jetson2,rpi5_3,50.8
7,jetson2,jetson1,243.4
7,jetson2,jetson3,231.2
7,jetson2,pc_cpu,147.0
7,jetson3,rpi5_1,56.4
7,jetson3,rpi5_2,57.3
7,jetson3,rpi5_3,63.1
7,jetson3,jetson1,217.7
7,jetson3,jetson2,231.2
7,jetson3,pc_cpu,194.5
7,pc_cpu,rpi5_1,87.8
7,pc_cpu,rpi5_2,95.8
7,pc_cpu,rpi5_3,88.0
7,pc_cpu,jetson1,173.4
7,pc_cpu,jetson2,147.0
7,pc_cpu,jetson3,194.5
8,rpi5_1,rpi5_2,125.5
8,rpi5_1,rpi5_3,103.3
8,rpi5_1,jetson1,49.0
8,rpi5_1,jetson2,54.6
8,rpi5_1,jetson3,53.6
8,rpi5_1,pc_cpu,81.5
8,rpi5_2,rpi5_1,125.5
8,rpi5_2,rpi5_3,125.8
8,rpi5_2,jetson1,58.9
8,rpi5_2,jetson2,57.4
8,rpi5_2,jetson3,48.2
8,rpi5_2,pc_cpu,89.5
8,rpi5_3,rpi5_1,103.3
8,rpi5_3,rpi5_2,125.8
8,rpi5_3,jetson1,63.5
8,rpi5_3,jetson2,56.3
8,rpi5_3,jetson3,55.1
8,rpi5_3,pc_cpu,77.1
8,jetson1,rpi5_1,49.0
8,jetson1,rpi5_2,58.9
8,jetson1,rpi5_3,63.5
8,jetson1,jetson2,235.7
8,jetson1,jetson3,241.7
8,jetson1,pc_cpu,180.1
8,jetson2,rpi5_1,54.6
8,jetson2,rpi5_2,57.4
8,jetson2,rpi5_3,56.3
8,jetson2,jetson1,235.7
8,jetson2,jetson3,227.9
8,jetson2,pc_cpu,198.4
8,jetson3,rpi5_1,53.6
8,jetson3,rpi5_2,48.2
8,jetson3,rpi5_3,55.1
8,jetson3,jetson1,241.7
8,jetson3,jetson2,227.9
8,jetson3,pc_cpu,199.9
8,pc_cpu,rpi5_1,81.5
8,pc_cpu,rpi5_2,89.5
8,pc_cpu,rpi5_3,77.1
8,pc_cpu,jetson1,180.1
8,pc_cpu,jetson2,198.4
8,pc_cpu,jetson3,199.9
9,rpi5_1,rpi5_2,122.5
9,rpi5_1,rpi5_3,112.6
9,rpi5_1,jetson1,62.2
9,rpi5_1,jetson2,54.3
9,rpi5_1,jetson3,65.1
9,rpi5_1,pc_cpu,85.4
9,rpi5_2,rpi5_1,122.5
9,rpi5_2,rpi5_3,108.8
9,rpi5_2,jetson1,55.4
9,rpi5_2,jetson2,67.1
9,rpi5_2,jetson3,62.3
9,rpi5_2,pc_cpu,88.4
9,rpi5_3,rpi5_1,112.6
9,rpi5_3,rpi5_2,108.8
9,rpi5_3,jetson1,53.7
9,rpi5_3,jetson2,55.2
9,rpi5_3,jetson3,66.0
9,rpi5_3,pc_cpu,77.1
9,jetson1,rpi5_1,62.2
9,jetson1,rpi5_2,55.4
9,jetson1,rpi5_3,53.7
9,jetson1,jetson2,246.3
9,jetson1,jetson3,241.0
9,jetson1,pc_cpu,149.5
9,jetson2,rpi5_1,54.3
9,jetson2,rpi5_2,67.1
9,jetson2,rpi5_3,55.2
9,jetson2,jetson1,246.3
9,jetson2,jetson3,261.1
9,jetson2,pc_cpu,129.8
9,jetson3,rpi5_1,65.1
9,jetson3,rpi5_2,62.3
9,jetson3,rpi5_3,66.0
9,jetson3,jetson1,241.0
9,jetson3,jetson2,261.1
9,jetson3,pc_cpu,161.3
9,pc_cpu,rpi5_1,85.4
9,pc_cpu,rpi5_2,88.4
9,pc_cpu,rpi5_3,77.1
9,pc_cpu,jetson1,149.5
9,pc_cpu,jetson2,129.8
9,pc_cpu,jetson3,161.3
10,rpi5_1,rpi5_2,119.4
10,rpi5_1,rpi5_3,131.9
10,rpi5_1,jetson1,66.2
10,rpi5_1,jetson2,69.6
10,rpi5_1,jetson3,57.2
10,rpi5_1,pc_cpu,94.3
10,rpi5_2,rpi5_1,119.4
10,rpi5_2,rpi5_3,136.0
10,rpi5_2,jetson1,60.2
10,rpi5_2,jetson2,57.1
10,rpi5_2,jetson3,63.5
10,rpi5_2,pc_cpu,102.8
10,rpi5_3,rpi5_1,131.9
10,rpi5_3,rpi5_2,136.0
10,rpi5_3,jetson1,60.0
10,rpi5_3,jetson2,43.4
10,rpi5_3,jetson3,63.9
10,rpi5_3,pc_cpu,87.8
10,jetson1,rpi5_1,66.2
10,jetson1,rpi5_2,60.2
10,jetson1,rpi5_3,60.0
10,jetson1,jetson2,225.9
10,jetson1,jetson3,206.5
10,jetson1,pc_cpu,168.6
10,jetson2,rpi5_1,69.6
10,jetson2,rpi5_2,57.1
10,jetson2,rpi5_3,43.4
10,jetson2,jetson1,225.9
10,jetson2,jetson3,233.7
10,jetson2,pc_cpu,156.8
10,jetson3,rpi5_1,57.2
10,jetson3,rpi5_2,63.5
10,jetson3,rpi5_3,63.9
10,jetson3,jetson1,206.5
10,jetson3,jetson2,233.7
10,jetson3,pc_cpu,171.3
10,pc_cpu,rpi5_1,94.3
10,pc_cpu,rpi5_2,102.8
10,pc_cpu,rpi5_3,87.8
10,pc_cpu,jetson1,168.6
10,pc_cpu,jetson2,156.8
10,pc_cpu,jetson3,171.3
11,rpi5_1,rpi5_2,112.2
11,rpi5_1,rpi5_3,97.3
11,rpi5_1,jetson1,60.7
11,rpi5_1,jetson2,50.6
11,rpi5_1,jetson3,50.6
11,rpi5_1,pc_cpu,99.9
11,rpi5_2,rpi5_1,112.2
11,rpi5_2,rpi5_3,127.6
11,rpi5_2,jetson1,74.4
11,rpi5_2,jetson2,71.9
11,rpi5_2,jetson3,66.2
11,rpi5_2,pc_cpu,96.3
11,rpi5_3,rpi5_1,97.3
11,rpi5_3,rpi5_2,127.6
11,rpi5_3,jetson1,60.2
11,rpi5_3,jetson2,59.8
11,rpi5_3,jetson3,69.8
11,rpi5_3,pc_cpu,87.3
11,jetson1,rpi5_1,60.7
11,jetson1,rpi5_2,74.4
11,jetson1,rpi5_3,60.2
11,jetson1,jetson2,260.0
11,jetson1,jetson3,226.8
11,jetson1,pc_cpu,211.6
11,jetson2,rpi5_1,50.6
11,jetson2,rpi5_2,71.9
11,jetson2,rpi5_3,59.8
11,jetson2,jetson1,260.0
11,jetson2,jetson3,285.1
11,jetson2,pc_cpu,154.8
11,jetson3,rpi5_1,50.6
11,jetson3,rpi5_2,66.2
11,jetson3,rpi5_3,69.8
11,jetson3,jetson1,226.8
11,jetson3,jetson2,285.1
11,jetson3,pc_cpu,156.5
11,pc_cpu,rpi5_1,99.9
11,pc_cpu,rpi5_2,96.3
11,pc_cpu,rpi5_3,87.3
11,pc_cpu,jetson1,211.6
11,pc_cpu,jetson2,154.8
11,pc_cpu,jetson3,156.5
12,rpi5_1,rpi5_2,112.7
12,rpi5_1,rpi5_3,102.5
12,rpi5_1,jetson1,63.9
12,rpi5_1,jetson2,62.9
12,rpi5_1,jetson3,63.0
12,rpi5_1,pc_cpu,105.9
12,rpi5_2,rpi5_1,112.7
12,rpi5_2,rpi5_3,101.6
12,rpi5_2,jetson1,67.5
12,rpi5_2,jetson2,50.1
12,rpi5_2,jetson3,61.8
12,rpi5_2,pc_cpu,101.2
12,rpi5_3,rpi5_1,102.5
12,rpi5_3,rpi5_2,101.6
12,rpi5_3,jetson1,57.9
12,rpi5_3,jetson2,61.6
12,rpi5_3,jetson3,64.1
12,rpi5_3,pc_cpu,95.1
12,jetson1,rpi5_1,63.9
12,jetson1,rpi5_2,67.5
12,jetson1,rpi5_3,57.9
12,jetson1,jetson2,239.4
12,jetson1,jetson3,231.5
12,jetson1,pc_cpu,152.1
12,jetson2,rpi5_1,62.9
12,jetson2,rpi5_2,50.1
12,jetson2,rpi5_3,61.6
12,jetson2,jetson1,239.4
12,jetson2,jetson3,208.6
12,jetson2,pc_cpu,170.6
12,jetson3,rpi5_1,63.0
12,jetson3,rpi5_2,61.8
12,jetson3,rpi5_3,64.1
12,jetson3,jetson1,231.5
12,jetson3,jetson2,208.6
12,jetson3,pc_cpu,213.4
12,pc_cpu,rpi5_1,105.9
12,pc_cpu,rpi5_2,101.2
12,pc_cpu,rpi5_3,95.1
12,pc_cpu,jetson1,152.1
12,pc_cpu,jetson2,170.6
12,pc_cpu,jetson3,213.4
13,rpi5_1,rpi5_2,114.7
13,rpi5_1,rpi5_3,121.0
13,rpi5_1,jetson1,60.7
13,rpi5_1,jetson2,63.5
13,rpi5_1,jetson3,69.5
13,rpi5_1,pc_cpu,101.4
13,rpi5_2,rpi5_1,114.7
13,rpi5_2,rpi5_3,117.3
13,rpi5_2,jetson1,61.6
13,rpi5_2,jetson2,60.8
13,rpi5_2,jetson3,66.9
13,rpi5_2,pc_cpu,104.9
13,rpi5_3,rpi5_1,121.0
13,rpi5_3,rpi5_2,117.3
13,rpi5_3,jetson1,56.7
13,rpi5_3,jetson2,58.1
13,rpi5_3,jetson3,64.3
13,rpi5_3,pc_cpu,80.3
13,jetson1,rpi5_1,60.7
13,jetson1,rpi5_2,61.6
13,jetson1,rpi5_3,56.7
13,jetson1,jetson2,228.7
13,jetson1,jetson3,264.5
13,jetson1,pc_cpu,160.9
13,jetson2,rpi5_1,63.5
13,jetson2,rpi5_2,60.8
13,jetson2,rpi5_3,58.1
13,jetson2,jetson1,228.7
13,jetson2,jetson3,226.9
13,jetson2,pc_cpu,169.6
13,jetson3,rpi5_1,69.5
13,jetson3,rpi5_2,66.9
13,jetson3,rpi5_3,64.3
13,jetson3,jetson1,264.5
13,jetson3,jetson2,226.9
13,jetson3,pc_cpu,169.9
13,pc_cpu,rpi5_1,101.4
13,pc_cpu,rpi5_2,104.9
13,pc_cpu,rpi5_3,80.3
13,pc_cpu,jetson1,160.9
13,pc_cpu,jetson2,169.6
13,pc_cpu,jetson3,169.9
14,rpi5_1,rpi5_2,120.2
14,rpi5_1,rpi5_3,129.1
14,rpi5_1,jetson1,70.3
14,rpi5_1,jetson2,56.3
14,rpi5_1,jetson3,58.6
14,rpi5_1,pc_cpu,99.4
14,rpi5_2,rpi5_1,120.2
14,rpi5_2,rpi5_3,131.7
14,rpi5_2,jetson1,53.8
14,rpi5_2,jetson2,61.7
14,rpi5_2,jetson3,69.2
14,rpi5_2,pc_cpu,91.2
14,rpi5_3,rpi5_1,129.1
14,rpi5_3,rpi5_2,131.7
14,rpi5_3,jetson1,67.7
14,rpi5_3,jetson2,62.7
14,rpi5_3,jetson3,60.8
14,rpi5_3,pc_cpu,96.3
14,jetson1,rpi5_1,70.3
14,jetson1,rpi5_2,53.8
14,jetson1,rpi5_3,67.7
14,jetson1,jetson2,222.0
14,jetson1,jetson3,224.5
14,jetson1,pc_cpu,196.5
14,jetson2,rpi5_1,56.3
14,jetson2,rpi5_2,61.7
14,jetson2,rpi5_3,62.7
14,jetson2,jetson1,222.0
14,jetson2,jetson3,204.1
14,jetson2,pc_cpu,164.8
14,jetson3,rpi5_1,58.6
14,jetson3,rpi5_2,69.2
14,jetson3,rpi5_3,60.8
14,jetson3,jetson1,224.5
14,jetson3,jetson2,204.1
14,jetson3,pc_cpu,188.0
14,pc_cpu,rpi5_1,99.4
14,pc_cpu,rpi5_2,91.2
14,pc_cpu,rpi5_3,96.3
14,pc_cpu,jetson1,196.5
14,pc_cpu,jetson2,164.8
14,pc_cpu,jetson3,188.0
15,rpi5_1,rpi5_2,119.2
15,rpi5_1,rpi5_3,115.1
15,rpi5_1,jetson1,57.0
15,rpi5_1,jetson2,69.3
15,rpi5_1,jetson3,60.5
15,rpi5_1,pc_cpu,90.0
15,rpi5_2,rpi5_1,119.2
15,rpi5_2,rpi5_3,123.2
15,rpi5_2,jetson1,68.4
15,rpi5_2,jetson2,60.8
15,rpi5_2,jetson3,58.2
15,rpi5_2,pc_cpu,110.8
15,rpi5_3,rpi5_1,115.1
15,rpi5_3,rpi5_2,123.2
15,rpi5_3,jetson1,54.3
15,rpi5_3,jetson2,70.0
15,rpi5_3,jetson3,58.1
15,rpi5_3,pc_cpu,100.4
15,jetson1,rpi5_1,57.0
15,jetson1,rpi5_2,68.4
15,jetson1,rpi5_3,54.3
15,jetson1,jetson2,224.1
15,jetson1,jetson3,234.9
15,jetson1,pc_cpu,183.4
15,jetson2,rpi5_1,69.3
15,jetson2,rpi5_2,60.8
15,jetson2,rpi5_3,70.0
15,jetson2,jetson1,224.1
15,jetson2,jetson3,220.0
15,jetson2,pc_cpu,194.7
15,jetson3,rpi5_1,60.5
15,jetson3,rpi5_2,58.2
15,jetson3,rpi5_3,58.1
15,jetson3,jetson1,234.9
15,jetson3,jetson2,220.0
15,jetson3,pc_cpu,182.3
15,pc_cpu,rpi5_1,90.0
15,pc_cpu,rpi5_2,110.8
15,pc_cpu,rpi5_3,100.4
15,pc_cpu,jetson1,183.4
15,pc_cpu,jetson2,194.7
15,pc_cpu,jetson3,182.3
16,rpi5_1,rpi5_2,116.3
16,rpi5_1,rpi5_3,123.9
16,rpi5_1,jetson1,54.8
16,rpi5_1,jetson2,65.9
16,rpi5_1,jetson3,57.0
16,rpi5_1,pc_cpu,96.2
16,rpi5_2,rpi5_1,116.3
16,rpi5_2,rpi5_3,133.4
16,rpi5_2,jetson1,56.5
16,rpi5_2,jetson2,69.2
16,rpi5_2,jetson3,54.8
16,rpi5_2,pc_cpu,95.2
16,rpi5_3,rpi5_1,123.9
16,rpi5_3,rpi5_2,133.4
16,rpi5_3,jetson1,61.3
16,rpi5_3,jetson2,70.0
16,rpi5_3,jetson3,71.2
16,rpi5_3,pc_cpu,80.5
16,jetson1,rpi5_1,54.8
16,jetson1,rpi5_2,56.5
16,jetson1,rpi5_3,61.3
16,jetson1,jetson2,235.6
16,jetson1,jetson3,253.7
16,jetson1,pc_cpu,176.1
16,jetson2,rpi5_1,65.9
16,jetson2,rpi5_2,69.2
16,jetson2,rpi5_3,70.0
16,jetson2,jetson1,235.6
16,jetson2,jetson3,223.9
16,jetson2,pc_cpu,209.9
16,jetson3,rpi5_1,57.0
16,jetson3,rpi5_2,54.8
16,jetson3,rpi5_3,71.2
16,jetson3,jetson1,253.7
16,jetson3,jetson2,223.9
16,jetson3,pc_cpu,212.9
16,pc_cpu,rpi5_1,96.2
16,pc_cpu,rpi5_2,95.2
16,pc_cpu,rpi5_3,80.5
16,pc_cpu,jetson1,176.1
16,pc_cpu,jetson2,209.9
16,pc_cpu,jetson3,212.9
17,rpi5_1,rpi5_2,120.2
17,rpi5_1,rpi5_3,131.5
17,rpi5_1,jetson1,61.8
17,rpi5_1,jetson2,64.1
17,rpi5_1,jetson3,63.8
17,rpi5_1,pc_cpu,85.1
17,rpi5_2,rpi5_1,120.2
17,rpi5_2,rpi5_3,119.7
17,rpi5_2,jetson1,57.9
17,rpi5_2,jetson2,64.3
17,rpi5_2,jetson3,72.9
17,rpi5_2,pc_cpu,86.5
17,rpi5_3,rpi5_1,131.5
17,rpi5_3,rpi5_2,119.7
17,rpi5_3,jetson1,61.0
17,rpi5_3,jetson2,61.4
17,rpi5_3,jetson3,63.3
17,rpi5_3,pc_cpu,100.9
17,jetson1,rpi5_1,61.8
17,jetson1,rpi5_2,57.9
17,jetson1,rpi5_3,61.0
17,jetson1,jetson2,234.4
17,jetson1,jetson3,261.4
17,jetson1,pc_cpu,186.6
17,jetson2,rpi5_1,64.1
17,jetson2,rpi5_2,64.3
17,jetson2,rpi5_3,61.4
17,jetson2,jetson1,234.4
17,jetson2,jetson3,217.5
17,jetson2,pc_cpu,190.7
17,jetson3,rpi5_1,63.8
17,jetson3,rpi5_2,72.9
17,jetson3,rpi5_3,63.3
17,jetson3,jetson1,261.4
17,jetson3,jetson2,217.5
17,jetson3,pc_cpu,227.2
17,pc_cpu,rpi5_1,85.1
17,pc_cpu,rpi5_2,86.5
17,pc_cpu,rpi5_3,100.9
17,pc_cpu,jetson1,186.6
17,pc_cpu,jetson2,190.7
17,pc_cpu,jetson3,227.2
18,rpi5_1,rpi5_2,120.2
18,rpi5_1,rpi5_3,118.0
18,rpi5_1,jetson1,62.4
18,rpi5_1,jetson2,63.5
18,rpi5_1,jetson3,66.4
18,rpi5_1,pc_cpu,86.4
18,rpi5_2,rpi5_1,120.2
18,rpi5_2,rpi5_3,100.8
18,rpi5_2,jetson1,53.5
18,rpi5_2,jetson2,55.6
18,rpi5_2,jetson3,68.8
18,rpi5_2,pc_cpu,104.3
18,rpi5_3,rpi5_1,118.0
18,rpi5_3,rpi5_2,100.8
18,rpi5_3,jetson1,73.6
18,rpi5_3,jetson2,64.2
18,rpi5_3,jetson3,72.0
18,rpi5_3,pc_cpu,99.1
18,jetson1,rpi5_1,62.4
18,jetson1,rpi5_2,53.5
18,jetson1,rpi5_3,73.6
18,jetson1,jetson2,247.0
18,jetson1,jetson3,297.0
18,jetson1,pc_cpu,192.3
18,jetson2,rpi5_1,63.5
18,jetson2,rpi5_2,55.6
18,jetson2,rpi5_3,64.2
18,jetson2,jetson1,247.0
18,jetson2,jetson3,226.5
18,jetson2,pc_cpu,163.5
18,jetson3,rpi5_1,66.4
18,jetson3,rpi5_2,68.8
18,jetson3,rpi5_3,72.0
18,jetson3,jetson1,297.0
18,jetson3,jetson2,226.5
18,jetson3,pc_cpu,170.6
18,pc_cpu,rpi5_1,86.4
18,pc_cpu,rpi5_2,104.3
18,pc_cpu,rpi5_3,99.1
18,pc_cpu,jetson1,192.3
18,pc_cpu,jetson2,163.5
18,pc_cpu,jetson3,170.6
19,rpi5_1,rpi5_2,117.3
19,rpi5_1,rpi5_3,127.6
19,rpi5_1,jetson1,75.0
19,rpi5_1,jetson2,68.4
19,rpi5_1,jetson3,53.4
19,rpi5_1,pc_cpu,103.9
19,rpi5_2,rpi5_1,117.3
19,rpi5_2,rpi5_3,122.2
19,rpi5_2,jetson1,67.3
19,rpi5_2,jetson2,69.5
19,rpi5_2,jetson3,71.8
19,rpi5_2,pc_cpu,95.5
19,rpi5_3,rpi5_1,127.6
19,rpi5_3,rpi5_2,122.2
19,rpi5_3,jetson1,65.8
19,rpi5_3,jetson2,61.6
19,rpi5_3,jetson3,72.1
19,rpi5_3,pc_cpu,98.5
19,jetson1,rpi5_1,75.0
19,jetson1,rpi5_2,67.3
19,jetson1,rpi5_3,65.8
19,jetson1,jetson2,269.3
19,jetson1,jetson3,265.4
19,jetson1,pc_cpu,193.6
19,jetson2,rpi5_1,68.4
19,jetson2,rpi5_2,69.5
19,jetson2,rpi5_3,61.6
19,jetson2,jetson1,269.3
19,jetson2,jetson3,227.1
19,jetson2,pc_cpu,177.7
19,jetson3,rpi5_1,53.4
19,jetson3,rpi5_2,71.8
19,jetson3,rpi5_3,72.1
19,jetson3,jetson1,265.4
19,jetson3,jetson2,227.1
19,jetson3,pc_cpu,160.4
19,pc_cpu,rpi5_1,103.9
19,pc_cpu,rpi5_2,95.5
19,pc_cpu,rpi5_3,98.5
19,pc_cpu,jetson1,193.6
19,pc_cpu,jetson2,177.7
19,pc_cpu,jetson3,160.4
20,rpi5_1,rpi5_2,121.5
20,rpi5_1,rpi5_3,130.3
20,rpi5_1,jetson1,63.0
20,rpi5_1,jetson2,68.7
20,rpi5_1,jetson3,72.3
20,rpi5_1,pc_cpu,109.3
20,rpi5_2,rpi5_1,121.5
20,rpi5_2,rpi5_3,121.0
20,rpi5_2,jetson1,72.1
20,rpi5_2,jetson2,62.4
20,rpi5_2,jetson3,61.7
20,rpi5_2,pc_cpu,100.8
20,rpi5_3,rpi5_1,130.3
20,rpi5_3,rpi5_2,121.0
20,rpi5_3,jetson1,76.8
20,rpi5_3,jetson2,60.9
20,rpi5_3,jetson3,56.5
20,rpi5_3,pc_cpu,96.6
20,jetson1,rpi5_1,63.0
20,jetson1,rpi5_2,72.1
20,jetson1,rpi5_3,76.8
20,jetson1,jetson2,263.9
20,jetson1,jetson3,227.4
20,jetson1,pc_cpu,186.7
20,jetson2,rpi5_1,68.7
20,jetson2,rpi5_2,62.4
20,jetson2,rpi5_3,60.9
20,jetson2,jetson1,263.9
20,jetson2,jetson3,247.2
20,jetson2,pc_cpu,237.8
20,jetson3,rpi5_1,72.3
20,jetson3,rpi5_2,61.7
20,jetson3,rpi5_3,56.5
20,jetson3,jetson1,227.4
20,jetson3,jetson2,247.2
20,jetson3,pc_cpu,168.8
20,pc_cpu,rpi5_1,109.3
20,pc_cpu,rpi5_2,100.8
20,pc_cpu,rpi5_3,96.6
20,pc_cpu,jetson1,186.7
20,pc_cpu,jetson2,237.8
20,pc_cpu,jetson3,168.8
21,rpi5_1,rpi5_2,132.9
21,rpi5_1,rpi5_3,119.1
21,rpi5_1,jetson1,67.6
21,rpi5_1,jetson2,56.6
21,rpi5_1,jetson3,56.2
21,rpi5_1,pc_cpu,90.0
21,rpi5_2,rpi5_1,132.9
21,rpi5_2,rpi5_3,120.1
21,rpi5_2,jetson1,71.3
21,rpi5_2,jetson2,61.1
21,rpi5_2,jetson3,57.6
21,rpi5_2,pc_cpu,107.5
21,rpi5_3,rpi5_1,119.1
21,rpi5_3,rpi5_2,120.1
21,rpi5_3,jetson1,73.2
21,rpi5_3,jetson2,52.8
21,rpi5_3,jetson3,73.8
21,rpi5_3,pc_cpu,101.6
21,jetson1,rpi5_1,67.6
21,jetson1,rpi5_2,71.3
21,jetson1,rpi5_3,73.2
21,jetson1,jetson2,255.9
21,jetson1,jetson3,227.5
21,jetson1,pc_cpu,168.3
21,jetson2,rpi5_1,56.6
21,jetson2,rpi5_2,61.1
21,jetson2,rpi5_3,52.8
21,jetson2,jetson1,255.9
21,jetson2,jetson3,222.6
21,jetson2,pc_cpu,179.7
21,jetson3,rpi5_1,56.2
21,jetson3,rpi5_2,57.6
21,jetson3,rpi5_3,73.8
21,jetson3,jetson1,227.5
21,jetson3,jetson2,222.6
21,jetson3,pc_cpu,248.4
21,pc_cpu,rpi5_1,90.0
21,pc_cpu,rpi5_2,107.5
21,pc_cpu,rpi5_3,101.6
21,pc_cpu,jetson1,168.3
21,pc_cpu,jetson2,179.7
21,pc_cpu,jetson3,248.4
22,rpi5_1,rpi5_2,120.5
22,rpi5_1,rpi5_3,119.9
22,rpi5_1,jetson1,75.2
22,rpi5_1,jetson2,67.5
22,rpi5_1,jetson3,65.1
22,rpi5_1,pc_cpu,108.1
22,rpi5_2,rpi5_1,120.5
22,rpi5_2,rpi5_3,123.1
22,rpi5_2,jetson1,61.0
22,rpi5_2,jetson2,58.8
22,rpi5_2,jetson3,61.8
22,rpi5_2,pc_cpu,100.7
22,rpi5_3,rpi5_1,119.9
22,rpi5_3,rpi5_2,123.1
22,rpi5_3,jetson1,61.6
22,rpi5_3,jetson2,53.4
22,rpi5_3,jetson3,65.8
22,rpi5_3,pc_cpu,114.9
22,jetson1,rpi5_1,75.2
22,jetson1,rpi5_2,61.0
22,jetson1,rpi5_3,61.6
22,jetson1,jetson2,225.7
22,jetson1,jetson3,207.9
22,jetson1,pc_cpu,166.3
22,jetson2,rpi5_1,67.5
22,jetson2,rpi5_2,58.8
22,jetson2,rpi5_3,53.4
22,jetson2,jetson1,225.7
22,jetson2,jetson3,217.9
22,jetson2,pc_cpu,191.7
22,jetson3,rpi5_1,65.1
22,jetson3,rpi5_2,61.8
22,jetson3,rpi5_3,65.8
22,jetson3,jetson1,207.9
22,jetson3,jetson2,217.9
22,jetson3,pc_cpu,224.1
22,pc_cpu,rpi5_1,108.1
22,pc_cpu,rpi5_2,100.7
22,pc_cpu,rpi5_3,114.9
22,pc_cpu,jetson1,166.3
22,pc_cpu,jetson2,191.7
22,pc_cpu,jetson3,224.1
23,rpi5_1,rpi5_2,134.9
23,rpi5_1,rpi5_3,119.1
23,rpi5_1,jetson1,57.7
23,rpi5_1,jetson2,61.4
23,rpi5_1,jetson3,65.7
23,rpi5_1,pc_cpu,85.0
23,rpi5_2,rpi5_1,134.9
23,rpi5_2,rpi5_3,127.1
23,rpi5_2,jetson1,67.6
23,rpi5_2,jetson2,70.8
23,rpi5_2,jetson3,73.2
23,rpi5_2,pc_cpu,83.1
23,rpi5_3,rpi5_1,119.1
23,rpi5_3,rpi5_2,127.1
23,rpi5_3,jetson1,76.4
23,rpi5_3,jetson2,61.8
23,rpi5_3,jetson3,62.9
23,rpi5_3,pc_cpu,98.5
23,jetson1,rpi5_1,57.7
23,jetson1,rpi5_2,67.6
23,jetson1,rpi5_3,76.4
23,jetson1,jetson2,219.7
23,jetson1,jetson3,245.5
23,jetson1,pc_cpu,194.6
23,jetson2,rpi5_1,61.4
23,jetson2,rpi5_2,70.8
23,jetson2,rpi5_3,61.8
23,jetson2,jetson1,219.7
23,jetson2,jetson3,237.2
23,jetson2,pc_cpu,195.3
23,jetson3,rpi5_1,65.7
23,jetson3,rpi5_2,73.2
23,jetson3,rpi5_3,62.9
23,jetson3,jetson1,245.5
23,jetson3,jetson2,237.2
23,jetson3,pc_cpu,188.7
23,pc_cpu,rpi5_1,85.0
23,pc_cpu,rpi5_2,83.1
23,pc_cpu,rpi5_3,98.5
23,pc_cpu,jetson1,194.6
23,pc_cpu,jetson2,195.3
23,pc_cpu,jetson3,188.7
24,rpi5_1,rpi5_2,113.0
24,rpi5_1,rpi5_3,134.5
24,rpi5_1,jetson1,63.3
24,rpi5_1,jetson2,67.9
24,rpi5_1,jetson3,72.8
24,rpi5_1,pc_cpu,90.1
24,rpi5_2,rpi5_1,113.0
24,rpi5_2,rpi5_3,121.1
24,rpi5_2,jetson1,58.0
24,rpi5_2,jetson2,75.0
24,rpi5_2,jetson3,65.6
24,rpi5_2,pc_cpu,91.1
24,rpi5_3,rpi5_1,134.5
24,rpi5_3,rpi5_2,121.1
24,rpi5_3,jetson1,57.3
24,rpi5_3,jetson2,59.9
24,rpi5_3,jetson3,80.4
24,rpi5_3,pc_cpu,89.5
24,jetson1,rpi5_1,63.3
24,jetson1,rpi5_2,58.0
24,jetson1,rpi5_3,57.3
24,jetson1,jetson2,236.6
24,jetson1,jetson3,230.3
24,jetson1,pc_cpu,207.0
24,jetson2,rpi5_1,67.9
24,jetson2,rpi5_2,75.0
24,jetson2,rpi5_3,59.9
24,jetson2,jetson1,236.6
24,jetson2,jetson3,244.8
24,jetson2,pc_cpu,189.2
24,jetson3,rpi5_1,72.8
24,jetson3,rpi5_2,65.6
24,jetson3,rpi5_3,80.4
24,jetson3,jetson1,230.3
24,jetson3,jetson2,244.8
24,jetson3,pc_cpu,207.5
24,pc_cpu,rpi5_1,90.1
24,pc_cpu,rpi5_2,91.1
24,pc_cpu,rpi5_3,89.5
24,pc_cpu,jetson1,207.0
24,pc_cpu,jetson2,189.2
24,pc_cpu,jetson3,207.5
25,rpi5_1,rpi5_2,138.1
25,rpi5_1,rpi5_3,132.9
25,rpi5_1,jetson1,76.9
25,rpi5_1,jetson2,65.9
25,rpi5_1,jetson3,50.8
25,rpi5_1,pc_cpu,100.5
25,rpi5_2,rpi5_1,138.1
25,rpi5_2,rpi5_3,151.7
25,rpi5_2,jetson1,71.0
25,rpi5_2,jetson2,61.4
25,rpi5_2,jetson3,53.4
25,rpi5_2,pc_cpu,103.1
25,rpi5_3,rpi5_1,132.9
25,rpi5_3,rpi5_2,151.7
25,rpi5_3,jetson1,64.6
25,rpi5_3,jetson2,67.5
25,rpi5_3,jetson3,65.9
25,rpi5_3,pc_cpu,112.5
25,jetson1,rpi5_1,76.9
25,jetson1,rpi5_2,71.0
25,jetson1,rpi5_3,64.6
25,jetson1,jetson2,251.9
25,jetson1,jetson3,264.7
25,jetson1,pc_cpu,235.3
25,jetson2,rpi5_1,65.9
25,jetson2,rpi5_2,61.4
25,jetson2,rpi5_3,67.5
25,jetson2,jetson1,251.9
25,jetson2,jetson3,294.9
25,jetson2,pc_cpu,166.3
25,jetson3,rpi5_1,50.8
25,jetson3,rpi5_2,53.4
25,jetson3,rpi5_3,65.9
25,jetson3,jetson1,264.7
25,jetson3,jetson2,294.9
25,jetson3,pc_cpu,213.3
25,pc_cpu,rpi5_1,100.5
25,pc_cpu,rpi5_2,103.1
25,pc_cpu,rpi5_3,112.5
25,pc_cpu,jetson1,235.3
25,pc_cpu,jetson2,166.3
25,pc_cpu,jetson3,213.3
26,rpi5_1,rpi5_2,118.0
26,rpi5_1,rpi5_3,122.9
26,rpi5_1,jetson1,60.2
26,rpi5_1,jetson2,59.0
26,rpi5_1,jetson3,63.2
26,rpi5_1,pc_cpu,110.2
26,rpi5_2,rpi5_1,118.0
26,rpi5_2,rpi5_3,149.6
26,rpi5_2,jetson1,70.5
26,rpi5_2,jetson2,67.6
26,rpi5_2,jetson3,62.1
26,rpi5_2,pc_cpu,118.5
26,rpi5_3,rpi5_1,122.9
26,rpi5_3,rpi5_2,149.6
26,rpi5_3,jetson1,70.7
26,rpi5_3,jetson2,58.5
26,rpi5_3,jetson3,66.8
26,rpi5_3,pc_cpu,91.9
26,jetson1,rpi5_1,60.2
26,jetson1,rpi5_2,70.5
26,jetson1,rpi5_3,70.7
26,jetson1,jetson2,269.4
26,jetson1,jetson3,259.6
26,jetson1,pc_cpu,216.5
26,jetson2,rpi5_1,59.0
26,jetson2,rpi5_2,67.6
26,jetson2,rpi5_3,58.5
26,jetson2,jetson1,269.4
26,jetson2,jetson3,274.9
26,jetson2,pc_cpu,239.2
26,jetson3,rpi5_1,63.2
26,jetson3,rpi5_2,62.1
26,jetson3,rpi5_3,66.8
26,jetson3,jetson1,259.6
26,jetson3,jetson2,274.9
26,jetson3,pc_cpu,206.6
26,pc_cpu,rpi5_1,110.2
26,pc_cpu,rpi5_2,118.5
26,pc_cpu,rpi5_3,91.9
26,pc_cpu,jetson1,216.5
26,pc_cpu,jetson2,239.2
26,pc_cpu,jetson3,206.6
27,rpi5_1,rpi5_2,122.4
27,rpi5_1,rpi5_3,121.1
27,rpi5_1,jetson1,61.6
27,rpi5_1,jetson2,60.3
27,rpi5_1,jetson3,86.2
27,rpi5_1,pc_cpu,112.9
27,rpi5_2,rpi5_1,122.4
27,rpi5_2,rpi5_3,110.1
27,rpi5_2,jetson1,68.9
27,rpi5_2,jetson2,72.2
27,rpi5_2,jetson3,61.2
27,rpi5_2,pc_cpu,117.4
27,rpi5_3,rpi5_1,121.1
27,rpi5_3,rpi5_2,110.1
27,rpi5_3,jetson1,72.0
27,rpi5_3,jetson2,58.4
27,rpi5_3,jetson3,76.7
27,rpi5_3,pc_cpu,100.9
27,jetson1,rpi5_1,61.6
27,jetson1,rpi5_2,68.9
27,jetson1,rpi5_3,72.0
27,jetson1,jetson2,244.6
27,jetson1,jetson3,215.9
27,jetson1,pc_cpu,197.4
27,jetson2,rpi5_1,60.3
27,jetson2,rpi5_2,72.2
27,jetson2,rpi5_3,58.4
27,jetson2,jetson1,244.6
27,jetson2,jetson3,218.5
27,jetson2,pc_cpu,184.5
27,jetson3,rpi5_1,86.2
27,jetson3,rpi5_2,61.2
27,jetson3,rpi5_3,76.7
27,jetson3,jetson1,215.9
27,jetson3,jetson2,218.5
27,jetson3,pc_cpu,232.0
27,pc_cpu,rpi5_1,112.9
27,pc_cpu,rpi5_2,117.4
27,pc_cpu,rpi5_3,100.9
27,pc_cpu,jetson1,197.4
27,pc_cpu,jetson2,184.5
27,pc_cpu,jetson3,232.0
28,rpi5_1,rpi5_2,126.0
28,rpi5_1,rpi5_3,131.4
28,rpi5_1,jetson1,70.2
28,rpi5_1,jetson2,58.8
28,rpi5_1,jetson3,61.1
28,rpi5_1,pc_cpu,99.2
28,rpi5_2,rpi5_1,126.0
28,rpi5_2,rpi5_3,134.0
28,rpi5_2,jetson1,67.7
28,rpi5_2,jetson2,55.4
28,rpi5_2,jetson3,65.2
28,rpi5_2,pc_cpu,96.1
28,rpi5_3,rpi5_1,131.4
28,rpi5_3,rpi5_2,134.0
28,rpi5_3,jetson1,68.1
28,rpi5_3,jetson2,60.8
28,rpi5_3,jetson3,60.4
28,rpi5_3,pc_cpu,88.8
28,jetson1,rpi5_1,70.2
28,jetson1,rpi5_2,67.7
28,jetson1,rpi5_3,68.1
28,jetson1,jetson2,228.7
28,jetson1,jetson3,265.1
28,jetson1,pc_cpu,218.2
28,jetson2,rpi5_1,58.8
28,jetson2,rpi5_2,55.4
28,jetson2,rpi5_3,60.8
28,jetson2,jetson1,228.7
28,jetson2,jetson3,278.7
28,jetson2,pc_cpu,182.8
28,jetson3,rpi5_1,61.1
28,jetson3,rpi5_2,65.2
28,jetson3,rpi5_3,60.4
28,jetson3,jetson1,265.1
28,jetson3,jetson2,278.7
28,jetson3,pc_cpu,201.0
28,pc_cpu,rpi5_1,99.2
28,pc_cpu,rpi5_2,96.1
28,pc_cpu,rpi5_3,88.8
28,pc_cpu,jetson1,218.2
28,pc_cpu,jetson2,182.8
28,pc_cpu,jetson3,201.0
29,rpi5_1,rpi5_2,131.1
29,rpi5_1,rpi5_3,113.7
29,rpi5_1,jetson1,58.8
29,rpi5_1,jetson2,59.4
29,rpi5_1,jetson3,69.5
29,rpi5_1,pc_cpu,111.0
29,rpi5_2,rpi5_1,131.1
29,rpi5_2,rpi5_3,125.7
29,rpi5_2,jetson1,69.1
29,rpi5_2,jetson2,71.4
29,rpi5_2,jetson3,70.9
29,rpi5_2,pc_cpu,98.1
29,rpi5_3,rpi5_1,113.7
29,rpi5_3,rpi5_2,125.7
29,rpi5_3,jetson1,59.3
29,rpi5_3,jetson2,51.8
29,rpi5_3,jetson3,68.7
29,rpi5_3,pc_cpu,91.1
29,jetson1,rpi5_1,58.8
29,jetson1,rpi5_2,69.1
29,jetson1,rpi5_3,59.3
29,jetson1,jetson2,280.3
29,jetson1,jetson3,269.4
29,jetson1,pc_cpu,166.1
29,jetson2,rpi5_1,59.4
29,jetson2,rpi5_2,71.4
29,jetson2,rpi5_3,51.8
29,jetson2,jetson1,280.3
29,jetson2,jetson3,277.9
29,jetson2,pc_cpu,152.9
29,jetson3,rpi5_1,69.5
29,jetson3,rpi5_2,70.9
29,jetson3,rpi5_3,68.7
29,jetson3,jetson1,269.4
29,jetson3,jetson2,277.9
29,jetson3,pc_cpu,195.2
29,pc_cpu,rpi5_1,111.0
29,pc_cpu,rpi5_2,98.1
29,pc_cpu,rpi5_3,91.1
29,pc_cpu,jetson1,166.1
29,pc_cpu,jetson2,152.9
29,pc_cpu,jetson3,195.2
30,rpi5_1,rpi5_2,130.8
30,rpi5_1,rpi5_3,110.2
30,rpi5_1,jetson1,62.5
30,rpi5_1,jetson2,61.7
30,rpi5_1,jetson3,70.6
30,rpi5_1,pc_cpu,90.5
30,rpi5_2,rpi5_1,130.8
30,rpi5_2,rpi5_3,113.7
30,rpi5_2,jetson1,60.6
30,rpi5_2,jetson2,54.4
30,rpi5_2,jetson3,55.6
30,rpi5_2,pc_cpu,100.1
30,rpi5_3,rpi5_1,110.2
30,rpi5_3,rpi5_2,113.7
30,rpi5_3,jetson1,72.1
30,rpi5_3,jetson2,61.9
30,rpi5_3,jetson3,68.5
30,rpi5_3,pc_cpu,91.0
30,jetson1,rpi5_1,62.5
30,jetson1,rpi5_2,60.6
30,jetson1,rpi5_3,72.1
30,jetson1,jetson2,265.1
30,jetson1,jetson3,271.1
30,jetson1,pc_cpu,179.5
30,jetson2,rpi5_1,61.7
30,jetson2,rpi5_2,54.4
30,jetson2,rpi5_3,61.9
30,jetson2,jetson1,265.1
30,jetson2,jetson3,247.8
30,jetson2,pc_cpu,168.0
30,jetson3,rpi5_1,70.6
30,jetson3,rpi5_2,55.6
30,jetson3,rpi5_3,68.5
30,jetson3,jetson1,271.1
30,jetson3,jetson2,247.8
30,jetson3,pc_cpu,198.1
30,pc_cpu,rpi5_1,90.5
30,pc_cpu,rpi5_2,100.1
30,pc_cpu,rpi5_3,91.0
30,pc_cpu,jetson1,179.5
30,pc_cpu,jetson2,168.0
30,pc_cpu,jetson3,198.1
31,rpi5_1,rpi5_2,129.6
31,rpi5_1,rpi5_3,135.1
31,rpi5_1,jetson1,70.3
31,rpi5_1,jetson2,64.7
31,rpi5_1,jetson3,65.8
31,rpi5_1,pc_cpu,88.7
31,rpi5_2,rpi5_1,129.6
31,rpi5_2,rpi5_3,129.0
31,rpi5_2,jetson1,60.7
31,rpi5_2,jetson2,68.2
31,rpi5_2,jetson3,66.1
31,rpi5_2,pc_cpu,89.8
31,rpi5_3,rpi5_1,135.1
31,rpi5_3,rpi5_2,129.0
31,rpi5_3,jetson1,60.8
31,rpi5_3,jetson2,63.5
31,rpi5_3,jetson3,68.4
31,rpi5_3,pc_cpu,100.2
31,jetson1,rpi5_1,70.3
31,jetson1,rpi5_2,60.7
31,jetson1,rpi5_3,60.8
31,jetson1,jetson2,264.7
31,jetson1,jetson3,262.5
31,jetson1,pc_cpu,200.1
31,jetson2,rpi5_1,64.7
31,jetson2,rpi5_2,68.2
31,jetson2,rpi5_3,63.5
31,jetson2,jetson1,264.7
31,jetson2,jetson3,257.5
31,jetson2,pc_cpu,195.8
31,jetson3,rpi5_1,65.8
31,jetson3,rpi5_2,66.1
31,jetson3,rpi5_3,68.4
31,jetson3,jetson1,262.5
31,jetson3,jetson2,257.5
31,jetson3,pc_cpu,215.7
31,pc_cpu,rpi5_1,88.7
31,pc_cpu,rpi5_2,89.8
31,pc_cpu,rpi5_3,100.2
31,pc_cpu,jetson1,200.1
31,pc_cpu,jetson2,195.8
31,pc_cpu,jetson3,215.7
32,rpi5_1,rpi5_2,118.8
32,rpi5_1,rpi5_3,109.5
32,rpi5_1,jetson1,68.6
32,rpi5_1,jetson2,65.2
32,rpi5_1,jetson3,66.9
32,rpi5_1,pc_cpu,95.1
32,rpi5_2,rpi5_1,118.8
32,rpi5_2,rpi5_3,111.0
32,rpi5_2,jetson1,77.2
32,rpi5_2,jetson2,62.2
32,rpi5_2,jetson3,62.5
32,rpi5_2,pc_cpu,90.2
32,rpi5_3,rpi5_1,109.5
32,rpi5_3,rpi5_2,111.0
32,rpi5_3,jetson1,53.0
32,rpi5_3,jetson2,59.4
32,rpi5_3,jetson3,76.8
32,rpi5_3,pc_cpu,90.1
32,jetson1,rpi5_1,68.6
32,jetson1,rpi5_2,77.2
32,jetson1,rpi5_3,53.0
32,jetson1,jetson2,289.4
32,jetson1,jetson3,269.0
32,jetson1,pc_cpu,207.7
32,jetson2,rpi5_1,65.2
32,jetson2,rpi5_2,62.2
32,jetson2,rpi5_3,59.4
32,jetson2,jetson1,289.4
32,jetson2,jetson3,207.9
32,jetson2,pc_cpu,186.6
32,jetson3,rpi5_1,66.9
32,jetson3,rpi5_2,62.5
32,jetson3,rpi5_3,76.8
32,jetson3,jetson1,269.0
32,jetson3,jetson2,207.9
32,jetson3,pc_cpu,238.5
32,pc_cpu,rpi5_1,95.1
32,pc_cpu,rpi5_2,90.2
32,pc_cpu,rpi5_3,90.1
32,pc_cpu,jetson1,207.7
32,pc_cpu,jetson2,186.6
32,pc_cpu,jetson3,238.5
33,rpi5_1,rpi5_2,118.1
33,rpi5_1,rpi5_3,118.1
33,rpi5_1,jetson1,69.7
33,rpi5_1,jetson2,64.2
33,rpi5_1,jetson3,62.1
33,rpi5_1,pc_cpu,93.2
33,rpi5_2,rpi5_1,118.1
33,rpi5_2,rpi5_3,146.6
33,rpi5_2,jetson1,65.8
33,rpi5_2,jetson2,69.2
33,rpi5_2,jetson3,69.2
33,rpi5_2,pc_cpu,105.3
33,rpi5_3,rpi5_1,118.1
33,rpi5_3,rpi5_2,146.6
33,rpi5_3,jetson1,63.3
33,rpi5_3,jetson2,53.2
33,rpi5_3,jetson3,62.8
33,rpi5_3,pc_cpu,116.3
33,jetson1,rpi5_1,69.7
33,jetson1,rpi5_2,65.8
33,jetson1,rpi5_3,63.3
33,jetson1,jetson2,282.8
33,jetson1,jetson3,241.7
33,jetson1,pc_cpu,190.1
33,jetson2,rpi5_1,64.2
33,jetson2,rpi5_2,69.2
33,jetson2,rpi5_3,53.2
33,jetson2,jetson1,282.8
33,jetson2,jetson3,227.8
33,jetson2,pc_cpu,219.1
33,jetson3,rpi5_1,62.1
33,jetson3,rpi5_2,69.2
33,jetson3,rpi5_3,62.8
33,jetson3,jetson1,241.7
33,jetson3,jetson2,227.8
33,jetson3,pc_cpu,188.3
33,pc_cpu,rpi5_1,93.2
33,pc_cpu,rpi5_2,105.3
33,pc_cpu,rpi5_3,116.3
33,pc_cpu,jetson1,190.1
33,pc_cpu,jetson2,219.1
33,pc_cpu,jetson3,188.3
34,rpi5_1,rpi5_2,113.4
34,rpi5_1,rpi5_3,110.9
34,rpi5_1,jetson1,72.9
34,rpi5_1,jetson2,58.3
34,rpi5_1,jetson3,65.7
34,rpi5_1,pc_cpu,93.3
34,rpi5_2,rpi5_1,113.4
34,rpi5_2,rpi5_3,135.0
34,rpi5_2,jetson1,59.5
34,rpi5_2,jetson2,68.7
34,rpi5_2,jetson3,66.3
34,rpi5_2,pc_cpu,90.9
34,rpi5_3,rpi5_1,110.9
34,rpi5_3,rpi5_2,135.0
34,rpi5_3,jetson1,62.6
34,rpi5_3,jetson2,66.3
34,rpi5_3,jetson3,70.1
34,rpi5_3,pc_cpu,85.2
34,jetson1,rpi5_1,72.9
34,jetson1,rpi5_2,59.5
34,jetson1,rpi5_3,62.6
34,jetson1,jetson2,228.9
34,jetson1,jetson3,229.6
34,jetson1,pc_cpu,216.4
34,jetson2,rpi5_1,58.3
34,jetson2,rpi5_2,68.7
34,jetson2,rpi5_3,66.3
34,jetson2,jetson1,228.9
34,jetson2,jetson3,255.4
34,jetson2,pc_cpu,167.3
34,jetson3,rpi5_1,65.7
34,jetson3,rpi5_2,66.3
34,jetson3,rpi5_3,70.1
34,jetson3,jetson1,229.6
34,jetson3,jetson2,255.4
34,jetson3,pc_cpu,184.8
34,pc_cpu,rpi5_1,93.3
34,pc_cpu,rpi5_2,90.9
34,pc_cpu,rpi5_3,85.2
34,pc_cpu,jetson1,216.4
34,pc_cpu,jetson2,167.3
34,pc_cpu,jetson3,184.8
35,rpi5_1,rpi5_2,134.7
35,rpi5_1,rpi5_3,124.6
35,rpi5_1,jetson1,62.8
35,rpi5_1,jetson2,74.1
35,rpi5_1,jetson3,59.5
35,rpi5_1,pc_cpu,86.6
35,rpi5_2,rpi5_1,134.7
35,rpi5_2,rpi5_3,128.1
35,rpi5_2,jetson1,60.5
35,rpi5_2,jetson2,50.6
35,rpi5_2,jetson3,58.8
35,rpi5_2,pc_cpu,108.6
35,rpi5_3,rpi5_1,124.6
35,rpi5_3,rpi5_2,128.1
35,rpi5_3,jetson1,58.6
35,rpi5_3,jetson2,65.5
35,rpi5_3,jetson3,61.5
35,rpi5_3,pc_cpu,99.7
35,jetson1,rpi5_1,62.8
35,jetson1,rpi5_2,60.5
35,jetson1,rpi5_3,58.6
35,jetson1,jetson2,236.9
35,jetson1,jetson3,222.1
35,jetson1,pc_cpu,170.7
35,jetson2,rpi5_1,74.1
35,jetson2,rpi5_2,50.6
35,jetson2,rpi5_3,65.5
35,jetson2,jetson1,236.9
35,jetson2,jetson3,279.0
35,jetson2,pc_cpu,207.9
35,jetson3,rpi5_1,59.5
35,jetson3,rpi5_2,58.8
35,jetson3,rpi5_3,61.5
35,jetson3,jetson1,222.1
35,jetson3,jetson2,279.0
35,jetson3,pc_cpu,217.6
35,pc_cpu,rpi5_1,86.6
35,pc_cpu,rpi5_2,108.6
35,pc_cpu,rpi5_3,99.7
35,pc_cpu,jetson1,170.7
35,pc_cpu,jetson2,207.9
35,pc_cpu,jetson3,217.6
36,rpi5_1,rpi5_2,118.4
36,rpi5_1,rpi5_3,117.1
36,rpi5_1,jetson1,67.7
36,rpi5_1,jetson2,65.3
36,rpi5_1,jetson3,62.4
36,rpi5_1,pc_cpu,83.9
36,rpi5_2,rpi5_1,118.4
36,rpi5_2,rpi5_3,129.8
36,rpi5_2,jetson1,62.0
36,rpi5_2,jetson2,67.3
36,rpi5_2,jetson3,61.8
36,rpi5_2,pc_cpu,91.9
36,rpi5_3,rpi5_1,117.1
36,rpi5_3,rpi5_2,129.8
36,rpi5_3,jetson1,69.9
36,rpi5_3,jetson2,59.1
36,rpi5_3,jetson3,62.5
36,rpi5_3,pc_cpu,88.2
36,jetson1,rpi5_1,67.7
36,jetson1,rpi5_2,62.0
36,jetson1,rpi5_3,69.9
36,jetson1,jetson2,228.2
36,jetson1,jetson3,230.2
36,jetson1,pc_cpu,182.5
36,jetson2,rpi5_1,65.3
36,jetson2,rpi5_2,67.3
36,jetson2,rpi5_3,59.1
36,jetson2,jetson1,228.2
36,jetson2,jetson3,217.8
36,jetson2,pc_cpu,191.8
36,jetson3,rpi5_1,62.4
36,jetson3,rpi5_2,61.8
36,jetson3,rpi5_3,62.5
36,jetson3,jetson1,230.2
36,jetson3,jetson2,217.8
36,jetson3,pc_cpu,204.2
36,pc_cpu,rpi5_1,83.9
36,pc_cpu,rpi5_2,91.9
36,pc_cpu,rpi5_3,88.2
36,pc_cpu,jetson1,182.5
36,pc_cpu,jetson2,191.8
36,pc_cpu,jetson3,204.2
37,rpi5_1,rpi5_2,109.0
37,rpi5_1,rpi5_3,109.8
37,rpi5_1,jetson1,54.7
37,rpi5_1,jetson2,68.9
37,rpi5_1,jetson3,56.9
37,rpi5_1,pc_cpu,98.9
37,rpi5_2,rpi5_1,109.0
37,rpi5_2,rpi5_3,107.1
37,rpi5_2,jetson1,54.9
37,rpi5_2,jetson2,68.1
37,rpi5_2,jetson3,54.8
37,rpi5_2,pc_cpu,109.6
37,rpi5_3,rpi5_1,109.8
37,rpi5_3,rpi5_2,107.1
37,rpi5_3,jetson1,60.2
37,rpi5_3,jetson2,63.2
37,rpi5_3,jetson3,61.8
37,rpi5_3,pc_cpu,111.8
37,jetson1,rpi5_1,54.7
37,jetson1,rpi5_2,54.9
37,jetson1,rpi5_3,60.2
37,jetson1,jetson2,276.8
37,jetson1,jetson3,233.2
37,jetson1,pc_cpu,178.0
37,jetson2,rpi5_1,68.9
37,jetson2,rpi5_2,68.1
37,jetson2,rpi5_3,63.2
37,jetson2,jetson1,276.8
37,jetson2,jetson3,250.6
37,jetson2,pc_cpu,183.8
37,jetson3,rpi5_1,56.9
37,jetson3,rpi5_2,54.8
37,jetson3,rpi5_3,61.8
37,jetson3,jetson1,233.2
37,jetson3,jetson2,250.6
37,jetson3,pc_cpu,231.5
37,pc_cpu,rpi5_1,98.9
37,pc_cpu,rpi5_2,109.6
37,pc_cpu,rpi5_3,111.8
37,pc_cpu,jetson1,178.0
37,pc_cpu,jetson2,183.8
37,pc_cpu,jetson3,231.5
38,rpi5_1,rpi5_2,119.3
38,rpi5_1,rpi5_3,98.3
38,rpi5_1,jetson1,64.5
38,rpi5_1,jetson2,69.4
38,rpi5_1,jetson3,51.1
38,rpi5_1,pc_cpu,106.5
38,rpi5_2,rpi5_1,119.3
38,rpi5_2,rpi5_3,118.1
38,rpi5_2,jetson1,64.6
38,rpi5_2,jetson2,62.7
38,rpi5_2,jetson3,64.0
38,rpi5_2,pc_cpu,85.2
38,rpi5_3,rpi5_1,98.3
38,rpi5_3,rpi5_2,118.1
38,rpi5_3,jetson1,57.2
38,rpi5_3,jetson2,59.5
38,rpi5_3,jetson3,65.2
38,rpi5_3,pc_cpu,83.5
38,jetson1,rpi5_1,64.5
38,jetson1,rpi5_2,64.6
38,jetson1,rpi5_3,57.2
38,jetson1,jetson2,234.9
38,jetson1,jetson3,233.4
38,jetson1,pc_cpu,163.0
38,jetson2,rpi5_1,69.4
38,jetson2,rpi5_2,62.7
38,jetson2,rpi5_3,59.5
38,jetson2,jetson1,234.9
38,jetson2,jetson3,239.9
38,jetson2,pc_cpu,196.5
38,jetson3,rpi5_1,51.1
38,jetson3,rpi5_2,64.0
38,jetson3,rpi5_3,65.2
38,jetson3,jetson1,233.4
38,jetson3,jetson2,239.9
38,jetson3,pc_cpu,202.7
38,pc_cpu,rpi5_1,106.5
38,pc_cpu,rpi5_2,85.2
38,pc_cpu,rpi5_3,83.5
38,pc_cpu,jetson1,163.0
38,pc_cpu,jetson2,196.5
38,pc_cpu,jetson3,202.7
39,rpi5_1,rpi5_2,103.9
39,rpi5_1,rpi5_3,122.8
39,rpi5_1,jetson1,63.2
39,rpi5_1,jetson2,57.5
39,rpi5_1,jetson3,61.5
39,rpi5_1,pc_cpu,102.7
39,rpi5_2,rpi5_1,103.9
39,rpi5_2,rpi5_3,104.9
39,rpi5_2,jetson1,78.5
39,rpi5_2,jetson2,60.6
39,rpi5_2,jetson3,62.7
39,rpi5_2,pc_cpu,85.9
39,rpi5_3,rpi5_1,122.8
39,rpi5_3,rpi5_2,104.9
39,rpi5_3,jetson1,53.6
39,rpi5_3,jetson2,55.9
39,rpi5_3,jetson3,79.5
39,rpi5_3,pc_cpu,96.7
39,jetson1,rpi5_1,63.2
39,jetson1,rpi5_2,78.5
39,jetson1,rpi5_3,53.6
39,jetson1,jetson2,219.1
39,jetson1,jetson3,247.4
39,jetson1,pc_cpu,198.2
39,jetson2,rpi5_1,57.5
39,jetson2,rpi5_2,60.6
39,jetson2,rpi5_3,55.9
39,jetson2,jetson1,219.1
39,jetson2,jetson3,190.8
39,jetson2,pc_cpu,219.1
39,jetson3,rpi5_1,61.5
39,jetson3,rpi5_2,62.7
39,jetson3,rpi5_3,79.5
39,jetson3,jetson1,247.4
39,jetson3,jetson2,190.8
39,jetson3,pc_cpu,180.4
39,pc_cpu,rpi5_1,102.7
39,pc_cpu,rpi5_2,85.9
39,pc_cpu,rpi5_3,96.7
39,pc_cpu,jetson1,198.2
39,pc_cpu,jetson2,219.1
39,pc_cpu,jetson3,180.4
40,rpi5_1,rpi5_2,111.2
40,rpi5_1,rpi5_3,113.8
40,rpi5_1,jetson1,59.7
40,rpi5_1,jetson2,67.0
40,rpi5_1,jetson3,66.3
40,rpi5_1,pc_cpu,101.1
40,rpi5_2,rpi5_1,111.2
40,rpi5_2,rpi5_3,121.2
40,rpi5_2,jetson1,58.5
40,rpi5_2,jetson2,58.0
40,rpi5_2,jetson3,61.4
40,rpi5_2,pc_cpu,107.9
40,rpi5_3,rpi5_1,113.8
40,rpi5_3,rpi5_2,121.2
40,rpi5_3,jetson1,72.0
40,rpi5_3,jetson2,56.5
40,rpi5_3,jetson3,57.6
40,rpi5_3,pc_cpu,86.3
40,jetson1,rpi5_1,59.7
40,jetson1,rpi5_2,58.5
40,jetson1,rpi5_3,72.0
40,jetson1,jetson2,257.4
40,jetson1,jetson3,212.7
40,jetson1,pc_cpu,193.5
40,jetson2,rpi5_1,67.0
40,jetson2,rpi5_2,58.0
40,jetson2,rpi5_3,56.5
40,jetson2,jetson1,257.4
40,jetson2,jetson3,220.6
40,jetson2,pc_cpu,158.6
40,jetson3,rpi5_1,66.3
40,jetson3,rpi5_2,61.4
40,jetson3,rpi5_3,57.6
40,jetson3,jetson1,212.7
40,jetson3,jetson2,220.6
40,jetson3,pc_cpu,161.9
40,pc_cpu,rpi5_1,101.1
40,pc_cpu,rpi5_2,107.9
40,pc_cpu,rpi5_3,86.3
40,pc_cpu,jetson1,193.5
40,pc_cpu,jetson2,158.6
40,pc_cpu,jetson3,161.9
41,rpi5_1,rpi5_2,115.0
41,rpi5_1,rpi5_3,111.6
41,rpi5_1,jetson1,53.3
41,rpi5_1,jetson2,56.4
41,rpi5_1,jetson3,60.7
41,rpi5_1,pc_cpu,90.7
41,rpi5_2,rpi5_1,115.0
41,rpi5_2,rpi5_3,114.1
41,rpi5_2,jetson1,57.2
41,rpi5_2,jetson2,62.6
41,rpi5_2,jetson3,67.2
41,rpi5_2,pc_cpu,91.3
41,rpi5_3,rpi5_1,111.6
41,rpi5_3,rpi5_2,114.1
41,rpi5_3,jetson1,54.2
41,rpi5_3,jetson2,49.8
41,rpi5_3,jetson3,59.5
41,rpi5_3,pc_cpu,99.6
41,jetson1,rpi5_1,53.3
41,jetson1,rpi5_2,57.2
41,jetson1,rpi5_3,54.2
41,jetson1,jetson2,229.4
41,jetson1,jetson3,239.1
41,jetson1,pc_cpu,229.1
41,jetson2,rpi5_1,56.4
41,jetson2,rpi5_2,62.6
41,jetson2,rpi5_3,49.8
41,jetson2,jetson1,229.4
41,jetson2,jetson3,272.3
41,jetson2,pc_cpu,175.3
41,jetson3,rpi5_1,60.7
41,jetson3,rpi5_2,67.2
41,jetson3,rpi5_3,59.5
41,jetson3,jetson1,239.1
41,jetson3,jetson2,272.3
41,jetson3,pc_cpu,202.3
41,pc_cpu,rpi5_1,90.7
41,pc_cpu,rpi5_2,91.3
41,pc_cpu,rpi5_3,99.6
41,pc_cpu,jetson1,229.1
41,pc_cpu,jetson2,175.3
41,pc_cpu,jetson3,202.3
42,rpi5_1,rpi5_2,127.1
42,rpi5_1,rpi5_3,118.1
42,rpi5_1,jetson1,62.7
42,rpi5_1,jetson2,52.4
42,rpi5_1,jetson3,61.7
42,rpi5_1,pc_cpu,100.3
42,rpi5_2,rpi5_1,127.1
42,rpi5_2,rpi5_3,120.6
42,rpi5_2,jetson1,55.5
42,rpi5_2,jetson2,56.1
42,rpi5_2,jetson3,60.2
42,rpi5_2,pc_cpu,84.7
42,rpi5_3,rpi5_1,118.1
42,rpi5_3,rpi5_2,120.6
42,rpi5_3,jetson1,65.0
42,rpi5_3,jetson2,68.9
42,rpi5_3,jetson3,68.0
42,rpi5_3,pc_cpu,91.1
42,jetson1,rpi5_1,62.7
42,jetson1,rpi5_2,55.5
42,jetson1,rpi5_3,65.0
42,jetson1,jetson2,218.5
42,jetson1,jetson3,210.5
42,jetson1,pc_cpu,186.2
42,jetson2,rpi5_1,52.4
42,jetson2,rpi5_2,56.1
42,jetson2,rpi5_3,68.9
42,jetson2,jetson1,218.5
42,jetson2,jetson3,258.5
42,jetson2,pc_cpu,213.3
42,jetson3,rpi5_1,61.7
42,jetson3,rpi5_2,60.2
42,jetson3,rpi5_3,68.0
42,jetson3,jetson1,210.5
42,jetson3,jetson2,258.5
42,jetson3,pc_cpu,205.3
42,pc_cpu,rpi5_1,100.3
42,pc_cpu,rpi5_2,84.7
42,pc_cpu,rpi5_3,91.1
42,pc_cpu,jetson1,186.2
42,pc_cpu,jetson2,213.3
42,pc_cpu,jetson3,205.3
43,rpi5_1,rpi5_2,100.0
43,rpi5_1,rpi5_3,113.7
43,rpi5_1,jetson1,59.8
43,rpi5_1,jetson2,62.7
43,rpi5_1,jetson3,62.5
43,rpi5_1,pc_cpu,88.6
43,rpi5_2,rpi5_1,100.0
43,rpi5_2,rpi5_3,96.7
43,rpi5_2,jetson1,63.9
43,rpi5_2,jetson2,59.2
43,rpi5_2,jetson3,47.7
43,rpi5_2,pc_cpu,89.5
43,rpi5_3,rpi5_1,113.7
43,rpi5_3,rpi5_2,96.7
43,rpi5_3,jetson1,48.6
43,rpi5_3,jetson2,58.2
43,rpi5_3,jetson3,61.8
43,rpi5_3,pc_cpu,96.1
43,jetson1,rpi5_1,59.8
43,jetson1,rpi5_2,63.9
43,jetson1,rpi5_3,48.6
43,jetson1,jetson2,211.6
43,jetson1,jetson3,220.5
43,jetson1,pc_cpu,185.6
43,jetson2,rpi5_1,62.7
43,jetson2,rpi5_2,59.2
43,jetson2,rpi5_3,58.2
43,jetson2,jetson1,211.6
43,jetson2,jetson3,204.5
43,jetson2,pc_cpu,209.3
43,jetson3,rpi5_1,62.5
43,jetson3,rpi5_2,47.7
43,jetson3,rpi5_3,61.8
43,jetson3,jetson1,220.5
43,jetson3,jetson2,204.5
43,jetson3,pc_cpu,188.9
43,pc_cpu,rpi5_1,88.6
43,pc_cpu,rpi5_2,89.5
43,pc_cpu,rpi5_3,96.1
43,pc_cpu,jetson1,185.6
43,pc_cpu,jetson2,209.3
43,pc_cpu,jetson3,188.9
44,rpi5_1,rpi5_2,102.6
44,rpi5_1,rpi5_3,105.1
44,rpi5_1,jetson1,67.4
44,rpi5_1,jetson2,64.7
44,rpi5_1,jetson3,62.1
44,rpi5_1,pc_cpu,85.0
44,rpi5_2,rpi5_1,102.6
44,rpi5_2,rpi5_3,120.8
44,rpi5_2,jetson1,53.9
44,rpi5_2,jetson2,51.8
44,rpi5_2,jetson3,60.3
44,rpi5_2,pc_cpu,87.9
44,rpi5_3,rpi5_1,105.1
44,rpi5_3,rpi5_2,120.8
44,rpi5_3,jetson1,59.5
44,rpi5_3,jetson2,57.0
44,rpi5_3,jetson3,54.3
44,rpi5_3,pc_cpu,81.1
44,jetson1,rpi5_1,67.4
44,jetson1,rpi5_2,53.9
44,jetson1,rpi5_3,59.5
44,jetson1,jetson2,216.1
44,jetson1,jetson3,226.1
44,jetson1,pc_cpu,185.8
44,jetson2,rpi5_1,64.7
44,jetson2,rpi5_2,51.8
44,jetson2,rpi5_3,57.0
44,jetson2,jetson1,216.1
44,jetson2,jetson3,199.2
44,jetson2,pc_cpu,212.6
44,jetson3,rpi5_1,62.1
44,jetson3,rpi5_2,60.3
44,jetson3,rpi5_3,54.3
44,jetson3,jetson1,226.1
44,jetson3,jetson2,199.2
44,jetson3,pc_cpu,181.9
44,pc_cpu,rpi5_1,85.0
44,pc_cpu,rpi5_2,87.9
44,pc_cpu,rpi5_3,81.1
44,pc_cpu,jetson1,185.8
44,pc_cpu,jetson2,212.6
44,pc_cpu,jetson3,181.9
45,rpi5_1,rpi5_2,116.3
45,rpi5_1,rpi5_3,100.5
45,rpi5_1,jetson1,57.8
45,rpi5_1,jetson2,59.5
45,rpi5_1,jetson3,69.6
45,rpi5_1,pc_cpu,83.2
45,rpi5_2,rpi5_1,116.3
45,rpi5_2,rpi5_3,110.9
45,rpi5_2,jetson1,54.8
45,rpi5_2,jetson2,50.9
45,rpi5_2,jetson3,63.4
45,rpi5_2,pc_cpu,71.3
45,rpi5_3,rpi5_1,100.5
45,rpi5_3,rpi5_2,110.9
45,rpi5_3,jetson1,49.5
45,rpi5_3,jetson2,52.7
45,rpi5_3,jetson3,50.4
45,rpi5_3,pc_cpu,88.1
45,jetson1,rpi5_1,57.8
45,jetson1,rpi5_2,54.8
45,jetson1,rpi5_3,49.5
45,jetson1,jetson2,197.3
45,jetson1,jetson3,241.9
45,jetson1,pc_cpu,164.9
45,jetson2,rpi5_1,59.5
45,jetson2,rpi5_2,50.9
45,jetson2,rpi5_3,52.7
45,jetson2,jetson1,197.3
45,jetson2,jetson3,194.6
45,jetson2,pc_cpu,178.8
45,jetson3,rpi5_1,69.6
45,jetson3,rpi5_2,63.4
45,jetson3,rpi5_3,50.4
45,jetson3,jetson1,241.9
45,jetson3,jetson2,194.6
45,jetson3,pc_cpu,152.8
45,pc_cpu,rpi5_1,83.2
45,pc_cpu,rpi5_2,71.3
45,pc_cpu,rpi5_3,88.1
45,pc_cpu,jetson1,164.9
45,pc_cpu,jetson2,178.8
45,pc_cpu,jetson3,152.8
46,rpi5_1,rpi5_2,94.2
46,rpi5_1,rpi5_3,99.5
46,rpi5_1,jetson1,57.0
46,rpi5_1,jetson2,48.9
46,rpi5_1,jetson3,45.2
46,rpi5_1,pc_cpu,97.6
46,rpi5_2,rpi5_1,94.2
46,rpi5_2,rpi5_3,105.6
46,rpi5_2,jetson1,62.0
46,rpi5_2,jetson2,47.9
46,rpi5_2,jetson3,54.9
46,rpi5_2,pc_cpu,84.1
46,rpi5_3,rpi5_1,99.5
46,rpi5_3,rpi5_2,105.6
46,rpi5_3,jetson1,54.2
46,rpi5_3,jetson2,65.8
46,rpi5_3,jetson3,50.7
46,rpi5_3,pc_cpu,86.9
46,jetson1,rpi5_1,57.0
46,jetson1,rpi5_2,62.0
46,jetson1,rpi5_3,54.2
46,jetson1,jetson2,184.9
46,jetson1,jetson3,236.4
46,jetson1,pc_cpu,179.9
46,jetson2,rpi5_1,48.9
46,jetson2,rpi5_2,47.9
46,jetson2,rpi5_3,65.8
46,jetson2,jetson1,184.9
46,jetson2,jetson3,210.7
46,jetson2,pc_cpu,182.4
46,jetson3,rpi5_1,45.2
46,jetson3,rpi5_2,54.9
46,jetson3,rpi5_3,50.7
46,jetson3,jetson1,236.4
46,jetson3,jetson2,210.7
46,jetson3,pc_cpu,173.3
46,pc_cpu,rpi5_1,97.6
46,pc_cpu,rpi5_2,84.1
46,pc_cpu,rpi5_3,86.9
46,pc_cpu,jetson1,179.9
46,pc_cpu,jetson2,182.4
46,pc_cpu,jetson3,173.3
47,rpi5_1,rpi5_2,103.0
47,rpi5_1,rpi5_3,102.8
47,rpi5_1,jetson1,53.7
47,rpi5_1,jetson2,60.6
47,rpi5_1,jetson3,55.0
47,rpi5_1,pc_cpu,77.2
47,rpi5_2,rpi5_1,103.0
47,rpi5_2,rpi5_3,87.4
47,rpi5_2,jetson1,47.3
47,rpi5_2,jetson2,53.4
47,rpi5_2,jetson3,54.8
47,rpi5_2,pc_cpu,90.4
47,rpi5_3,rpi5_1,102.8
47,rpi5_3,rpi5_2,87.4
47,rpi5_3,jetson1,53.1
47,rpi5_3,jetson2,59.4
47,rpi5_3,jetson3,62.3
47,rpi5_3,pc_cpu,82.3
47,jetson1,rpi5_1,53.7
47,jetson1,rpi5_2,47.3
47,jetson1,rpi5_3,53.1
47,jetson1,jetson2,223.2
47,jetson1,jetson3,241.6
47,jetson1,pc_cpu,175.5
47,jetson2,rpi5_1,60.6
47,jetson2,rpi5_2,53.4
47,jetson2,rpi5_3,59.4
47,jetson2,jetson1,223.2
47,jetson2,jetson3,204.9
47,jetson2,pc_cpu,161.5
47,jetson3,rpi5_1,55.0
47,jetson3,rpi5_2,54.8
47,jetson3,rpi5_3,62.3
47,jetson3,jetson1,241.6
47,jetson3,jetson2,204.9
47,jetson3,pc_cpu,151.2
47,pc_cpu,rpi5_1,77.2
47,pc_cpu,rpi5_2,90.4
47,pc_cpu,rpi5_3,82.3
47,pc_cpu,jetson1,175.5
47,pc_cpu,jetson2,161.5
47,pc_cpu,jetson3,151.2
48,rpi5_1,rpi5_2,88.9
48,rpi5_1,rpi5_3,113.8
48,rpi5_1,jetson1,49.0
48,rpi5_1,jetson2,56.4
48,rpi5_1,jetson3,46.8
48,rpi5_1,pc_cpu,94.5
48,rpi5_2,rpi5_1,88.9
48,rpi5_2,rpi5_3,119.1
48,rpi5_2,jetson1,55.4
48,rpi5_2,jetson2,49.0
48,rpi5_2,jetson3,48.1
48,rpi5_2,pc_cpu,85.0
48,rpi5_3,rpi5_1,113.8
48,rpi5_3,rpi5_2,119.1
48,rpi5_3,jetson1,51.6
48,rpi5_3,jetson2,57.1
48,rpi5_3,jetson3,52.9
48,rpi5_3,pc_cpu,80.3
48,jetson1,rpi5_1,49.0
48,jetson1,rpi5_2,55.4
48,jetson1,rpi5_3,51.6
48,jetson1,jetson2,205.5
48,jetson1,jetson3,176.1
48,jetson1,pc_cpu,193.8
48,jetson2,rpi5_1,56.4
48,jetson2,rpi5_2,49.0
48,jetson2,rpi5_3,57.1
48,jetson2,jetson1,205.5
48,jetson2,jetson3,228.1
48,jetson2,pc_cpu,168.7
48,jetson3,rpi5_1,46.8
48,jetson3,rpi5_2,48.1
48,jetson3,rpi5_3,52.9
48,jetson3,jetson1,176.1
48,jetson3,jetson2,228.1
48,jetson3,pc_cpu,175.8
48,pc_cpu,rpi5_1,94.5
48,pc_cpu,rpi5_2,85.0
48,pc_cpu,rpi5_3,80.3
48,pc_cpu,jetson1,193.8
48,pc_cpu,jetson2,168.7
48,pc_cpu,jetson3,175.8
49,rpi5_1,rpi5_2,104.8
49,rpi5_1,rpi5_3,108.2
49,rpi5_1,jetson1,56.1
49,rpi5_1,jetson2,51.1
49,rpi5_1,jetson3,50.7
49,rpi5_1,pc_cpu,90.6
49,rpi5_2,rpi5_1,104.8
49,rpi5_2,rpi5_3,108.9
49,rpi5_2,jetson1,54.1
49,rpi5_2,jetson2,53.3
49,rpi5_2,jetson3,55.7
49,rpi5_2,pc_cpu,79.3
49,rpi5_3,rpi5_1,108.2
49,rpi5_3,rpi5_2,108.9
49,rpi5_3,jetson1,60.3
49,rpi5_3,jetson2,51.3
49,rpi5_3,jetson3,53.7
49,rpi5_3,pc_cpu,76.8
49,jetson1,rpi5_1,56.1
49,jetson1,rpi5_2,54.1
49,jetson1,rpi5_3,60.3
49,jetson1,jetson2,204.8
49,jetson1,jetson3,236.4
49,jetson1,pc_cpu,204.5
49,jetson2,rpi5_1,51.1
49,jetson2,rpi5_2,53.3
49,jetson2,rpi5_3,51.3
49,jetson2,jetson1,204.8
49,jetson2,jetson3,224.5
49,jetson2,pc_cpu,184.6
49,jetson3,rpi5_1,50.7
49,jetson3,rpi5_2,55.7
49,jetson3,rpi5_3,53.7
49,jetson3,jetson1,236.4
49,jetson3,jetson2,224.5
49,jetson3,pc_cpu,152.7
49,pc_cpu,rpi5_1,90.6
49,pc_cpu,rpi5_2,79.3
49,pc_cpu,rpi5_3,76.8
49,pc_cpu,jetson1,204.5
49,pc_cpu,jetson2,184.6
49,pc_cpu,jetson3,152.7
50,rpi5_1,rpi5_2,107.9
50,rpi5_1,rpi5_3,100.4
50,rpi5_1,jetson1,62.5
50,rpi5_1,jetson2,51.9
50,rpi5_1,jetson3,59.6
50,rpi5_1,pc_cpu,80.8
50,rpi5_2,rpi5_1,107.9
50,rpi5_2,rpi5_3,93.1
50,rpi5_2,jetson1,56.2
50,rpi5_2,jetson2,51.7
50,rpi5_2,jetson3,60.1
50,rpi5_2,pc_cpu,72.3
50,rpi5_3,rpi5_1,100.4
50,rpi5_3,rpi5_2,93.1
50,rpi5_3,jetson1,54.0
50,rpi5_3,jetson2,50.4
50,rpi5_3,jetson3,45.2
50,rpi5_3,pc_cpu,69.7
50,jetson1,rpi5_1,62.5
50,jetson1,rpi5_2,56.2
50,jetson1,rpi5_3,54.0
50,jetson1,jetson2,208.1
50,jetson1,jetson3,228.7
50,jetson1,pc_cpu,157.5
50,jetson2,rpi5_1,51.9
50,jetson2,rpi5_2,51.7
50,jetson2,rpi5_3,50.4
50,jetson2,jetson1,208.1
50,jetson2,jetson3,211.9
50,jetson2,pc_cpu,178.8
50,jetson3,rpi5_1,59.6
50,jetson3,rpi5_2,60.1
50,jetson3,rpi5_3,45.2
50,jetson3,jetson1,228.7
50,jetson3,jetson2,211.9
50,jetson3,pc_cpu,163.5
50,pc_cpu,rpi5_1,80.8
50,pc_cpu,rpi5_2,72.3
50,pc_cpu,rpi5_3,69.7
50,pc_cpu,jetson1,157.5
50,pc_cpu,jetson2,178.8
50,pc_cpu,jetson3,163.5
51,rpi5_1,rpi5_2,121.3
51,rpi5_1,rpi5_3,112.9
51,rpi5_1,jetson1,43.2
51,rpi5_1,jetson2,46.3
51,rpi5_1,jetson3,49.8
51,rpi5_1,pc_cpu,79.6
51,rpi5_2,rpi5_1,121.3
51,rpi5_2,rpi5_3,89.8
51,rpi5_2,jetson1,54.3
51,rpi5_2,jetson2,50.4
51,rpi5_2,jetson3,56.3
51,rpi5_2,pc_cpu,74.1
51,rpi5_3,rpi5_1,112.9
51,rpi5_3,rpi5_2,89.8
51,rpi5_3,jetson1,56.4
51,rpi5_3,jetson2,48.4
51,rpi5_3,jetson3,61.2
51,rpi5_3,pc_cpu,88.8
51,jetson1,rpi5_1,43.2
51,jetson1,rpi5_2,54.3
51,jetson1,rpi5_3,56.4
51,jetson1,jetson2,233.5
51,jetson1,jetson3,181.4
51,jetson1,pc_cpu,143.4
51,jetson2,rpi5_1,46.3
51,jetson2,rpi5_2,50.4
51,jetson2,rpi5_3,48.4
51,jetson2,jetson1,233.5
51,jetson2,jetson3,190.3
51,jetson2,pc_cpu,166.2
51,jetson3,rpi5_1,49.8
51,jetson3,rpi5_2,56.3
51,jetson3,rpi5_3,61.2
51,jetson3,jetson1,181.4
51,jetson3,jetson2,190.3
51,jetson3,pc_cpu,187.0
51,pc_cpu,rpi5_1,79.6
51,pc_cpu,rpi5_2,74.1
51,pc_cpu,rpi5_3,88.8
51,pc_cpu,jetson1,143.4
51,pc_cpu,jetson2,166.2
51,pc_cpu,jetson3,187.0
52,rpi5_1,rpi5_2,93.7
52,rpi5_1,rpi5_3,92.6
52,rpi5_1,jetson1,60.4
52,rpi5_1,jetson2,54.6
52,rpi5_1,jetson3,53.7
52,rpi5_1,pc_cpu,79.9
52,rpi5_2,rpi5_1,93.7
52,rpi5_2,rpi5_3,93.4
52,rpi5_2,jetson1,50.0
52,rpi5_2,jetson2,49.2
52,rpi5_2,jetson3,49.0
52,rpi5_2,pc_cpu,85.7
52,rpi5_3,rpi5_1,92.6
52,rpi5_3,rpi5_2,93.4
52,rpi5_3,jetson1,50.1
52,rpi5_3,jetson2,53.7
52,rpi5_3,jetson3,48.5
52,rpi5_3,pc_cpu,75.4
52,jetson1,rpi5_1,60.4
52,jetson1,rpi5_2,50.0
52,jetson1,rpi5_3,50.1
52,jetson1,jetson2,181.5
52,jetson1,jetson3,192.5
52,jetson1,pc_cpu,147.5
52,jetson2,rpi5_1,54.6
52,jetson2,rpi5_2,49.2
52,jetson2,rpi5_3,53.7
52,jetson2,jetson1,181.5
52,jetson2,jetson3,212.0
52,jetson2,pc_cpu,148.6
52,jetson3,rpi5_1,53.7
52,jetson3,rpi5_2,49.0
52,jetson3,rpi5_3,48.5
52,jetson3,jetson1,192.5
52,jetson3,jetson2,212.0
52,jetson3,pc_cpu,153.5
52,pc_cpu,rpi5_1,79.9
52,pc_cpu,rpi5_2,85.7
52,pc_cpu,rpi5_3,75.4
52,pc_cpu,jetson1,147.5
52,pc_cpu,jetson2,148.6
52,pc_cpu,jetson3,153.5
53,rpi5_1,rpi5_2,83.0
53,rpi5_1,rpi5_3,104.6
53,rpi5_1,jetson1,47.8
53,rpi5_1,jetson2,55.7
53,rpi5_1,jetson3,44.9
53,rpi5_1,pc_cpu,63.8
53,rpi5_2,rpi5_1,83.0
53,rpi5_2,rpi5_3,104.4
53,rpi5_2,jetson1,57.3
53,rpi5_2,jetson2,47.1
53,rpi5_2,jetson3,49.1
53,rpi5_2,pc_cpu,74.1
53,rpi5_3,rpi5_1,104.6
53,rpi5_3,rpi5_2,104.4
53,rpi5_3,jetson1,42.7
53,rpi5_3,jetson2,42.8
53,rpi5_3,jetson3,54.8
53,rpi5_3,pc_cpu,72.0
53,jetson1,rpi5_1,47.8
53,jetson1,rpi5_2,57.3
53,jetson1,rpi5_3,42.7
53,jetson1,jetson2,195.9
53,jetson1,jetson3,202.9
53,jetson1,pc_cpu,160.5
53,jetson2,rpi5_1,55.7
53,jetson2,rpi5_2,47.1
53,jetson2,rpi5_3,42.8
53,jetson2,jetson1,195.9
53,jetson2,jetson3,177.3
53,jetson2,pc_cpu,191.6
53,jetson3,rpi5_1,44.9
53,jetson3,rpi5_2,49.1
53,jetson3,rpi5_3,54.8
53,jetson3,jetson1,202.9
53,jetson3,jetson2,177.3
53,jetson3,pc_cpu,160.3
53,pc_cpu,rpi5_1,63.8
53,pc_cpu,rpi5_2,74.1
53,pc_cpu,rpi5_3,72.0
53,pc_cpu,jetson1,160.5
53,pc_cpu,jetson2,191.6
53,pc_cpu,jetson3,160.3
54,rpi5_1,rpi5_2,106.6
54,rpi5_1,rpi5_3,105.5
54,rpi5_1,jetson1,49.9
54,rpi5_1,jetson2,45.9
54,rpi5_1,jetson3,49.5
54,rpi5_1,pc_cpu,85.5
54,rpi5_2,rpi5_1,106.6
54,rpi5_2,rpi5_3,95.6
54,rpi5_2,jetson1,46.8
54,rpi5_2,jetson2,62.3
54,rpi5_2,jetson3,51.3
54,rpi5_2,pc_cpu,76.0
54,rpi5_3,rpi5_1,105.5
54,rpi5_3,rpi5_2,95.6
54,rpi5_3,jetson1,53.5
54,rpi5_3,jetson2,47.4
54,rpi5_3,jetson3,49.4
54,rpi5_3,pc_cpu,76.9
54,jetson1,rpi5_1,49.9
54,jetson1,rpi5_2,46.8
54,jetson1,rpi5_3,53.5
54,jetson1,jetson2,199.2
54,jetson1,jetson3,215.3
54,jetson1,pc_cpu,136.6
54,jetson2,rpi5_1,45.9
54,jetson2,rpi5_2,62.3
54,jetson2,rpi5_3,47.4
54,jetson2,jetson1,199.2
54,jetson2,jetson3,186.1
54,jetson2,pc_cpu,123.7
54,jetson3,rpi5_1,49.5
54,jetson3,rpi5_2,51.3
54,jetson3,rpi5_3,49.4
54,jetson3,jetson1,215.3
54,jetson3,jetson2,186.1
54,jetson3,pc_cpu,164.0
54,pc_cpu,rpi5_1,85.5
54,pc_cpu,rpi5_2,76.0
54,pc_cpu,rpi5_3,76.9
54,pc_cpu,jetson1,136.6
54,pc_cpu,jetson2,123.7
54,pc_cpu,jetson3,164.0
55,rpi5_1,rpi5_2,96.1
55,rpi5_1,rpi5_3,101.0
55,rpi5_1,jetson1,55.2
55,rpi5_1,jetson2,60.9
55,rpi5_1,jetson3,46.0
55,rpi5_1,pc_cpu,81.2
55,rpi5_2,rpi5_1,96.1
55,rpi5_2,rpi5_3,111.5
55,rpi5_2,jetson1,45.5
55,rpi5_2,jetson2,50.7
55,rpi5_2,jetson3,54.1
55,rpi5_2,pc_cpu,76.2
55,rpi5_3,rpi5_1,101.0
55,rpi5_3,rpi5_2,111.5
55,rpi5_3,jetson1,55.2
55,rpi5_3,jetson2,49.8
55,rpi5_3,jetson3,45.9
55,rpi5_3,pc_cpu,78.2
55,jetson1,rpi5_1,55.2
55,jetson1,rpi5_2,45.5
55,jetson1,rpi5_3,55.2
55,jetson1,jetson2,188.0
55,jetson1,jetson3,194.3
55,jetson1,pc_cpu,152.1
55,jetson2,rpi5_1,60.9
55,jetson2,rpi5_2,50.7
55,jetson2,rpi5_3,49.8
55,jetson2,jetson1,188.0
55,jetson2,jetson3,201.5
55,jetson2,pc_cpu,137.4
55,jetson3,rpi5_1,46.0
55,jetson3,rpi5_2,54.1
55,jetson3,rpi5_3,45.9
55,jetson3,jetson1,194.3
55,jetson3,jetson2,201.5
55,jetson3,pc_cpu,145.2
55,pc_cpu,rpi5_1,81.2
55,pc_cpu,rpi5_2,76.2
55,pc_cpu,rpi5_3,78.2
55,pc_cpu,jetson1,152.1
55,pc_cpu,jetson2,137.4
55,pc_cpu,jetson3,145.2
56,rpi5_1,rpi5_2,103.5
56,rpi5_1,rpi5_3,97.9
56,rpi5_1,jetson1,50.5
56,rpi5_1,jetson2,49.1
56,rpi5_1,jetson3,44.9
56,rpi5_1,pc_cpu,68.9
56,rpi5_2,rpi5_1,103.5
56,rpi5_2,rpi5_3,87.4
56,rpi5_2,jetson1,50.8
56,rpi5_2,jetson2,43.4
56,rpi5_2,jetson3,42.9
56,rpi5_2,pc_cpu,76.3
56,rpi5_3,rpi5_1,97.9
56,rpi5_3,rpi5_2,87.4
56,rpi5_3,jetson1,55.0
56,rpi5_3,jetson2,45.7
56,rpi5_3,jetson3,49.1
56,rpi5_3,pc_cpu,69.4
56,jetson1,rpi5_1,50.5
56,jetson1,rpi5_2,50.8
56,jetson1,rpi5_3,55.0
56,jetson1,jetson2,183.0
56,jetson1,jetson3,199.6
56,jetson1,pc_cpu,166.1
56,jetson2,rpi5_1,49.1
56,jetson2,rpi5_2,43.4
56,jetson2,rpi5_3,45.7
56,jetson2,jetson1,183.0
56,jetson2,jetson3,196.0
56,jetson2,pc_cpu,171.9
56,jetson3,rpi5_1,44.9
56,jetson3,rpi5_2,42.9
56,jetson3,rpi5_3,49.1
56,jetson3,jetson1,199.6
56,jetson3,jetson2,196.0
56,jetson3,pc_cpu,135.2
56,pc_cpu,rpi5_1,68.9
56,pc_cpu,rpi5_2,76.3
56,pc_cpu,rpi5_3,69.4
56,pc_cpu,jetson1,166.1
56,pc_cpu,jetson2,171.9
56,pc_cpu,jetson3,135.2
57,rpi5_1,rpi5_2,79.8
57,rpi5_1,rpi5_3,72.6
57,rpi5_1,jetson1,46.6
57,rpi5_1,jetson2,43.5
57,rpi5_1,jetson3,60.2
57,rpi5_1,pc_cpu,70.3
57,rpi5_2,rpi5_1,79.8
57,rpi5_2,rpi5_3,90.8
57,rpi5_2,jetson1,39.1
57,rpi5_2,jetson2,48.3
57,rpi5_2,jetson3,47.1
57,rpi5_2,pc_cpu,71.7
57,rpi5_3,rpi5_1,72.6
57,rpi5_3,rpi5_2,90.8
57,rpi5_3,jetson1,45.8
57,rpi5_3,jetson2,52.3
57,rpi5_3,jetson3,42.5
57,rpi5_3,pc_cpu,81.3
57,jetson1,rpi5_1,46.6
57,jetson1,rpi5_2,39.1
57,jetson1,rpi5_3,45.8
57,jetson1,jetson2,178.6
57,jetson1,jetson3,179.9
57,jetson1,pc_cpu,157.5
57,jetson2,rpi5_1,43.5
57,jetson2,rpi5_2,48.3
57,jetson2,rpi5_3,52.3
57,jetson2,jetson1,178.6
57,jetson2,jetson3,192.4
57,jetson2,pc_cpu,120.7
57,jetson3,rpi5_1,60.2
57,jetson3,rpi5_2,47.1
57,jetson3,rpi5_3,42.5
57,jetson3,jetson1,179.9
57,jetson3,jetson2,192.4
57,jetson3,pc_cpu,159.1
57,pc_cpu,rpi5_1,70.3
57,pc_cpu,rpi5_2,71.7
57,pc_cpu,rpi5_3,81.3
57,pc_cpu,jetson1,157.5
57,pc_cpu,jetson2,120.7
57,pc_cpu,jetson3,159.1
58,rpi5_1,rpi5_2,79.3
58,rpi5_1,rpi5_3,90.3
58,rpi5_1,jetson1,35.6
58,rpi5_1,jetson2,47.5
58,rpi5_1,jetson3,50.8
58,rpi5_1,pc_cpu,70.7
58,rpi5_2,rpi5_1,79.3
58,rpi5_2,rpi5_3,82.8
58,rpi5_2,jetson1,55.6
58,rpi5_2,jetson2,39.2
58,rpi5_2,jetson3,38.4
58,rpi5_2,pc_cpu,69.9
58,rpi5_3,rpi5_1,90.3
58,rpi5_3,rpi5_2,82.8
58,rpi5_3,jetson1,45.6
58,rpi5_3,jetson2,52.5
58,rpi5_3,jetson3,44.4
58,rpi5_3,pc_cpu,67.3
58,jetson1,rpi5_1,35.6
58,jetson1,rpi5_2,55.6
58,jetson1,rpi5_3,45.6
58,jetson1,jetson2,163.3
58,jetson1,jetson3,158.1
58,jetson1,pc_cpu,155.6
58,jetson2,rpi5_1,47.5
58,jetson2,rpi5_2,39.2
58,jetson2,rpi5_3,52.5
58,jetson2,jetson1,163.3
58,jetson2,jetson3,177.8
58,jetson2,pc_cpu,153.8
58,jetson3,rpi5_1,50.8
58,jetson3,rpi5_2,38.4
58,jetson3,rpi5_3,44.4
58,jetson3,jetson1,158.1
58,jetson3,jetson2,177.8
58,jetson3,pc_cpu,160.7
58,pc_cpu,rpi5_1,70.7
58,pc_cpu,rpi5_2,69.9
58,pc_cpu,rpi5_3,67.3
58,pc_cpu,jetson1,155.6
58,pc_cpu,jetson2,153.8
58,pc_cpu,jetson3,160.7
59,rpi5_1,rpi5_2,89.2
59,rpi5_1,rpi5_3,94.6
59,rpi5_1,jetson1,45.8
59,rpi5_1,jetson2,42.5
59,rpi5_1,jetson3,45.1
59,rpi5_1,pc_cpu,69.5
59,rpi5_2,rpi5_1,89.2
59,rpi5_2,rpi5_3,80.7
59,rpi5_2,jetson1,44.3
59,rpi5_2,jetson2,42.6
59,rpi5_2,jetson3,43.6
59,rpi5_2,pc_cpu,78.6
59,rpi5_3,rpi5_1,94.6
59,rpi5_3,rpi5_2,80.7
59,rpi5_3,jetson1,38.2
59,rpi5_3,jetson2,48.2
59,rpi5_3,jetson3,50.8
59,rpi5_3,pc_cpu,60.0
59,jetson1,rpi5_1,45.8
59,jetson1,rpi5_2,44.3
59,jetson1,rpi5_3,38.2
59,jetson1,jetson2,175.2
59,jetson1,jetson3,209.2
59,jetson1,pc_cpu,152.4
59,jetson2,rpi5_1,42.5
59,jetson2,rpi5_2,42.6
59,jetson2,rpi5_3,48.2
59,jetson2,jetson1,175.2
59,jetson2,jetson3,180.6
59,jetson2,pc_cpu,129.4
59,jetson3,rpi5_1,45.1
59,jetson3,rpi5_2,43.6
59,jetson3,rpi5_3,50.8
59,jetson3,jetson1,209.2
59,jetson3,jetson2,180.6
59,jetson3,pc_cpu,110.1
59,pc_cpu,rpi5_1,69.5
59,pc_cpu,rpi5_2,78.6
59,pc_cpu,rpi5_3,60.0
59,pc_cpu,jetson1,152.4
59,pc_cpu,jetson2,129.4
59,pc_cpu,jetson3,110.1
60,rpi5_1,rpi5_2,94.3
60,rpi5_1,rpi5_3,93.4
60,rpi5_1,jetson1,43.0
60,rpi5_1,jetson2,48.1
60,rpi5_1,jetson3,42.1
60,rpi5_1,pc_cpu,78.1
60,rpi5_2,rpi5_1,94.3
60,rpi5_2,rpi5_3,84.7
60,rpi5_2,jetson1,44.7
60,rpi5_2,jetson2,37.1
60,rpi5_2,jetson3,51.8
60,rpi5_2,pc_cpu,72.5
60,rpi5_3,rpi5_1,93.4
60,rpi5_3,rpi5_2,84.7
60,rpi5_3,jetson1,40.2
60,rpi5_3,jetson2,49.2
60,rpi5_3,jetson3,52.0
60,rpi5_3,pc_cpu,59.1
60,jetson1,rpi5_1,43.0
60,jetson1,rpi5_2,44.7
60,jetson1,rpi5_3,40.2
60,jetson1,jetson2,167.6
60,jetson1,jetson3,183.7
60,jetson1,pc_cpu,140.6
60,jetson2,rpi5_1,48.1
60,jetson2,rpi5_2,37.1
60,jetson2,rpi5_3,49.2
60,jetson2,jetson1,167.6
60,jetson2,jetson3,139.3
60,jetson2,pc_cpu,153.0
60,jetson3,rpi5_1,42.1
60,jetson3,rpi5_2,51.8
60,jetson3,rpi5_3,52.0
60,jetson3,jetson1,183.7
60,jetson3,jetson2,139.3
60,jetson3,pc_cpu,125.4
60,pc_cpu,rpi5_1,78.1
60,pc_cpu,rpi5_2,72.5
60,pc_cpu,rpi5_3,59.1
60,pc_cpu,jetson1,140.6
60,pc_cpu,jetson2,153.0
60,pc_cpu,jetson3,125.4
61,rpi5_1,rpi5_2,92.6
61,rpi5_1,rpi5_3,88.5
61,rpi5_1,jetson1,39.1
61,rpi5_1,jetson2,36.2
61,rpi5_1,jetson3,46.6
61,rpi5_1,pc_cpu,61.7
61,rpi5_2,rpi5_1,92.6
61,rpi5_2,rpi5_3,78.8
61,rpi5_2,jetson1,42.5
61,rpi5_2,jetson2,47.5
61,rpi5_2,jetson3,42.7
61,rpi5_2,pc_cpu,70.5
61,rpi5_3,rpi5_1,88.5
61,rpi5_3,rpi5_2,78.8
61,rpi5_3,jetson1,46.2
61,rpi5_3,jetson2,49.3
61,rpi5_3,jetson3,51.0
61,rpi5_3,pc_cpu,66.6
61,jetson1,rpi5_1,39.1
61,jetson1,rpi5_2,42.5
61,jetson1,rpi5_3,46.2
61,jetson1,jetson2,190.0
61,jetson1,jetson3,174.7
61,jetson1,pc_cpu,133.9
61,jetson2,rpi5_1,36.2
61,jetson2,rpi5_2,47.5
61,jetson2,rpi5_3,49.3
61,jetson2,jetson1,190.0
61,jetson2,jetson3,151.5
61,jetson2,pc_cpu,143.6
61,jetson3,rpi5_1,46.6
61,jetson3,rpi5_2,42.7
61,jetson3,rpi5_3,51.0
61,jetson3,jetson1,174.7
61,jetson3,jetson2,151.5
61,jetson3,pc_cpu,149.7
61,pc_cpu,rpi5_1,61.7
61,pc_cpu,rpi5_2,70.5
61,pc_cpu,rpi5_3,66.6
61,pc_cpu,jetson1,133.9
61,pc_cpu,jetson2,143.6
61,pc_cpu,jetson3,149.7
62,rpi5_1,rpi5_2,88.8
62,rpi5_1,rpi5_3,71.1
62,rpi5_1,jetson1,44.8
62,rpi5_1,jetson2,41.4
62,rpi5_1,jetson3,43.5
62,rpi5_1,pc_cpu,80.9
62,rpi5_2,rpi5_1,88.8
62,rpi5_2,rpi5_3,76.4
62,rpi5_2,jetson1,44.8
62,rpi5_2,jetson2,37.5
62,rpi5_2,jetson3,36.2
62,rpi5_2,pc_cpu,72.4
62,rpi5_3,rpi5_1,71.1
62,rpi5_3,rpi5_2,76.4
62,rpi5_3,jetson1,43.3
62,rpi5_3,jetson2,35.7
62,rpi5_3,jetson3,42.6
62,rpi5_3,pc_cpu,71.4
62,jetson1,rpi5_1,44.8
62,jetson1,rpi5_2,44.8
62,jetson1,rpi5_3,43.3
62,jetson1,jetson2,172.3
62,jetson1,jetson3,154.7
62,jetson1,pc_cpu,129.7
62,jetson2,rpi5_1,41.4
62,jetson2,rpi5_2,37.5
62,jetson2,rpi5_3,35.7
62,jetson2,jetson1,172.3
62,jetson2,jetson3,166.9
62,jetson2,pc_cpu,109.6
62,jetson3,rpi5_1,43.5
62,jetson3,rpi5_2,36.2
62,jetson3,rpi5_3,42.6
62,jetson3,jetson1,154.7
62,jetson3,jetson2,166.9
62,jetson3,pc_cpu,151.3
62,pc_cpu,rpi5_1,80.9
62,pc_cpu,rpi5_2,72.4
62,pc_cpu,rpi5_3,71.4
62,pc_cpu,jetson1,129.7
62,pc_cpu,jetson2,109.6
62,pc_cpu,jetson3,151.3
63,rpi5_1,rpi5_2,87.1
63,rpi5_1,rpi5_3,93.4
63,rpi5_1,jetson1,38.3
63,rpi5_1,jetson2,38.3
63,rpi5_1,jetson3,50.4
63,rpi5_1,pc_cpu,57.8
63,rpi5_2,rpi5_1,87.1
63,rpi5_2,rpi5_3,88.8
63,rpi5_2,jetson1,38.8
63,rpi5_2,jetson2,43.1
63,rpi5_2,jetson3,46.3
63,rpi5_2,pc_cpu,68.0
63,rpi5_3,rpi5_1,93.4
63,rpi5_3,rpi5_2,88.8
63,rpi5_3,jetson1,44.4
63,rpi5_3,jetson2,42.9
63,rpi5_3,jetson3,46.2
63,rpi5_3,pc_cpu,67.3
63,jetson1,rpi5_1,38.3
63,jetson1,rpi5_2,38.8
63,jetson1,rpi5_3,44.4
63,jetson1,jetson2,184.6
63,jetson1,jetson3,175.1
63,jetson1,pc_cpu,141.2
63,jetson2,rpi5_1,38.3
63,jetson2,rpi5_2,43.1
63,jetson2,rpi5_3,42.9
63,jetson2,jetson1,184.6
63,jetson2,jetson3,156.9
63,jetson2,pc_cpu,125.4
63,jetson3,rpi5_1,50.4
63,jetson3,rpi5_2,46.3
63,jetson3,rpi5_3,46.2
63,jetson3,jetson1,175.1
63,jetson3,jetson2,156.9
63,jetson3,pc_cpu,123.1
63,pc_cpu,rpi5_1,57.8
63,pc_cpu,rpi5_2,68.0
63,pc_cpu,rpi5_3,67.3
63,pc_cpu,jetson1,141.2
63,pc_cpu,jetson2,125.4
63,pc_cpu,jetson3,123.1
64,rpi5_1,rpi5_2,84.6
64,rpi5_1,rpi5_3,80.9
64,rpi5_1,jetson1,44.3
64,rpi5_1,jetson2,47.4
64,rpi5_1,jetson3,38.3
64,rpi5_1,pc_cpu,64.0
64,rpi5_2,rpi5_1,84.6
64,rpi5_2,rpi5_3,91.0
64,rpi5_2,jetson1,34.7
64,rpi5_2,jetson2,36.8
64,rpi5_2,jetson3,47.1
64,rpi5_2,pc_cpu,64.7
64,rpi5_3,rpi5_1,80.9
64,rpi5_3,rpi5_2,91.0
64,rpi5_3,jetson1,41.5
64,rpi5_3,jetson2,38.9
64,rpi5_3,jetson3,45.2
64,rpi5_3,pc_cpu,74.1
64,jetson1,rpi5_1,44.3
64,jetson1,rpi5_2,34.7
64,jetson1,rpi5_3,41.5
64,jetson1,jetson2,152.5
64,jetson1,jetson3,157.9
64,jetson1,pc_cpu,133.7
64,jetson2,rpi5_1,47.4
64,jetson2,rpi5_2,36.8
64,jetson2,rpi5_3,38.9
64,jetson2,jetson1,152.5
64,jetson2,jetson3,163.1
64,jetson2,pc_cpu,125.4
64,jetson3,rpi5_1,38.3
64,jetson3,rpi5_2,47.1
64,jetson3,rpi5_3,45.2
64,jetson3,jetson1,157.9
64,jetson3,jetson2,163.1
64,jetson3,pc_cpu,112.1
64,pc_cpu,rpi5_1,64.0
64,pc_cpu,rpi5_2,64.7
64,pc_cpu,rpi5_3,74.1
64,pc_cpu,jetson1,133.7
64,pc_cpu,jetson2,125.4
64,pc_cpu,jetson3,112.1
65,rpi5_1,rpi5_2,82.2
65,rpi5_1,rpi5_3,86.9
65,rpi5_1,jetson1,49.1
65,rpi5_1,jetson2,41.1
65,rpi5_1,jetson3,41.4
65,rpi5_1,pc_cpu,62.3
65,rpi5_2,rpi5_1,82.2
65,rpi5_2,rpi5_3,78.4
65,rpi5_2,jetson1,34.3
65,rpi5_2,jetson2,44.1
65,rpi5_2,jetson3,48.9
65,rpi5_2,pc_cpu,63.3
65,rpi5_3,rpi5_1,86.9
65,rpi5_3,rpi5_2,78.4
65,rpi5_3,jetson1,43.7
65,rpi5_3,jetson2,34.9
65,rpi5_3,jetson3,41.2
65,rpi5_3,pc_cpu,65.0
65,jetson1,rpi5_1,49.1
65,jetson1,rpi5_2,34.3
65,jetson1,rpi5_3,43.7
65,jetson1,jetson2,167.2
65,jetson1,jetson3,154.1
65,jetson1,pc_cpu,114.7
65,jetson2,rpi5_1,41.1
65,jetson2,rpi5_2,44.1
65,jetson2,rpi5_3,34.9
65,jetson2,jetson1,167.2
65,jetson2,jetson3,167.8
65,jetson2,pc_cpu,158.3
65,jetson3,rpi5_1,41.4
65,jetson3,rpi5_2,48.9
65,jetson3,rpi5_3,41.2
65,jetson3,jetson1,154.1
65,jetson3,jetson2,167.8
65,jetson3,pc_cpu,128.1
65,pc_cpu,rpi5_1,62.3
65,pc_cpu,rpi5_2,63.3
65,pc_cpu,rpi5_3,65.0
65,pc_cpu,jetson1,114.7
65,pc_cpu,jetson2,158.3
65,pc_cpu,jetson3,128.1
66,rpi5_1,rpi5_2,73.1
66,rpi5_1,rpi5_3,79.2
66,rpi5_1,jetson1,43.6
66,rpi5_1,jetson2,48.9
66,rpi5_1,jetson3,46.2
66,rpi5_1,pc_cpu,61.0
66,rpi5_2,rpi5_1,73.1
66,rpi5_2,rpi5_3,75.4
66,rpi5_2,jetson1,44.9
66,rpi5_2,jetson2,46.0
66,rpi5_2,jetson3,44.6
66,rpi5_2,pc_cpu,61.6
66,rpi5_3,rpi5_1,79.2
66,rpi5_3,rpi5_2,75.4
66,rpi5_3,jetson1,46.7
66,rpi5_3,jetson2,39.9
66,rpi5_3,jetson3,34.4
66,rpi5_3,pc_cpu,57.7
66,jetson1,rpi5_1,43.6
66,jetson1,rpi5_2,44.9
66,jetson1,rpi5_3,46.7
66,jetson1,jetson2,156.1
66,jetson1,jetson3,142.7
66,jetson1,pc_cpu,114.3
66,jetson2,rpi5_1,48.9
66,jetson2,rpi5_2,46.0
66,jetson2,rpi5_3,39.9
66,jetson2,jetson1,156.1
66,jetson2,jetson3,167.9
66,jetson2,pc_cpu,110.1
66,jetson3,rpi5_1,46.2
66,jetson3,rpi5_2,44.6
66,jetson3,rpi5_3,34.4
66,jetson3,jetson1,142.7
66,jetson3,jetson2,167.9
66,jetson3,pc_cpu,156.4
66,pc_cpu,rpi5_1,61.0
66,pc_cpu,rpi5_2,61.6
66,pc_cpu,rpi5_3,57.7
66,pc_cpu,jetson1,114.3
66,pc_cpu,jetson2,110.1
66,pc_cpu,jetson3,156.4
67,rpi5_1,rpi5_2,79.5
67,rpi5_1,rpi5_3,72.3
67,rpi5_1,jetson1,44.2
67,rpi5_1,jetson2,42.1
67,rpi5_1,jetson3,42.3
67,rpi5_1,pc_cpu,54.8
67,rpi5_2,rpi5_1,79.5
67,rpi5_2,rpi5_3,80.5
67,rpi5_2,jetson1,40.8
67,rpi5_2,jetson2,42.0
67,rpi5_2,jetson3,44.4
67,rpi5_2,pc_cpu,65.1
67,rpi5_3,rpi5_1,72.3
67,rpi5_3,rpi5_2,80.5
67,rpi5_3,jetson1,47.0
67,rpi5_3,jetson2,44.5
67,rpi5_3,jetson3,44.1
67,rpi5_3,pc_cpu,62.4
67,jetson1,rpi5_1,44.2
67,jetson1,rpi5_2,40.8
67,jetson1,rpi5_3,47.0
67,jetson1,jetson2,163.4
67,jetson1,jetson3,176.6
67,jetson1,pc_cpu,141.0
67,jetson2,rpi5_1,42.1
67,jetson2,rpi5_2,42.0
67,jetson2,rpi5_3,44.5
67,jetson2,jetson1,163.4
67,jetson2,jetson3,144.5
67,jetson2,pc_cpu,126.4
67,jetson3,rpi5_1,42.3
67,jetson3,rpi5_2,44.4
67,jetson3,rpi5_3,44.1
67,jetson3,jetson1,176.6
67,jetson3,jetson2,144.5
67,jetson3,pc_cpu,118.8
67,pc_cpu,rpi5_1,54.8
67,pc_cpu,rpi5_2,65.1
67,pc_cpu,rpi5_3,62.4
67,pc_cpu,jetson1,141.0
67,pc_cpu,jetson2,126.4
67,pc_cpu,jetson3,118.8
68,rpi5_1,rpi5_2,64.2
68,rpi5_1,rpi5_3,76.3
68,rpi5_1,jetson1,34.9
68,rpi5_1,jetson2,46.5
68,rpi5_1,jetson3,37.1
68,rpi5_1,pc_cpu,66.6
68,rpi5_2,rpi5_1,64.2
68,rpi5_2,rpi5_3,65.9
68,rpi5_2,jetson1,41.7
68,rpi5_2,jetson2,38.0
68,rpi5_2,jetson3,35.2
68,rpi5_2,pc_cpu,63.8
68,rpi5_3,rpi5_1,76.3
68,rpi5_3,rpi5_2,65.9
68,rpi5_3,jetson1,47.4
68,rpi5_3,jetson2,36.1
68,rpi5_3,jetson3,33.2
68,rpi5_3,pc_cpu,67.4
68,jetson1,rpi5_1,34.9
68,jetson1,rpi5_2,41.7
68,jetson1,rpi5_3,47.4
68,jetson1,jetson2,170.7
68,jetson1,jetson3,167.3
68,jetson1,pc_cpu,121.1
68,jetson2,rpi5_1,46.5
68,jetson2,rpi5_2,38.0
68,jetson2,rpi5_3,36.1
68,jetson2,jetson1,170.7
68,jetson2,jetson3,176.1
68,jetson2,pc_cpu,130.7
68,jetson3,rpi5_1,37.1
68,jetson3,rpi5_2,35.2
68,jetson3,rpi5_3,33.2
68,jetson3,jetson1,167.3
68,jetson3,jetson2,176.1
68,jetson3,pc_cpu,130.0
68,pc_cpu,rpi5_1,66.6
68,pc_cpu,rpi5_2,63.8
68,pc_cpu,rpi5_3,67.4
68,pc_cpu,jetson1,121.1
68,pc_cpu,jetson2,130.7
68,pc_cpu,jetson3,130.0
69,rpi5_1,rpi5_2,81.7
69,rpi5_1,rpi5_3,65.6
69,rpi5_1,jetson1,39.1
69,rpi5_1,jetson2,46.8
69,rpi5_1,jetson3,38.0
69,rpi5_1,pc_cpu,62.5
69,rpi5_2,rpi5_1,81.7
69,rpi5_2,rpi5_3,60.2
69,rpi5_2,jetson1,36.9
69,rpi5_2,jetson2,35.6
69,rpi5_2,jetson3,33.2
69,rpi5_2,pc_cpu,67.5
69,rpi5_3,rpi5_1,65.6
69,rpi5_3,rpi5_2,60.2
69,rpi5_3,jetson1,42.8
69,rpi5_3,jetson2,40.9
69,rpi5_3,jetson3,34.6
69,rpi5_3,pc_cpu,69.9
69,jetson1,rpi5_1,39.1
69,jetson1,rpi5_2,36.9
69,jetson1,rpi5_3,42.8
69,jetson1,jetson2,144.7
69,jetson1,jetson3,132.8
69,jetson1,pc_cpu,132.0
69,jetson2,rpi5_1,46.8
69,jetson2,rpi5_2,35.6
69,jetson2,rpi5_3,40.9
69,jetson2,jetson1,144.7
69,jetson2,jetson3,154.9
69,jetson2,pc_cpu,127.5
69,jetson3,rpi5_1,38.0
69,jetson3,rpi5_2,33.2
69,jetson3,rpi5_3,34.6
69,jetson3,jetson1,132.8
69,jetson3,jetson2,154.9
69,jetson3,pc_cpu,126.1
69,pc_cpu,rpi5_1,62.5
69,pc_cpu,rpi5_2,67.5
69,pc_cpu,rpi5_3,69.9
69,pc_cpu,jetson1,132.0
69,pc_cpu,jetson2,127.5
69,pc_cpu,jetson3,126.1
70,rpi5_1,rpi5_2,72.2
70,rpi5_1,rpi5_3,71.3
70,rpi5_1,jetson1,38.2
70,rpi5_1,jetson2,47.4
70,rpi5_1,jetson3,42.4
70,rpi5_1,pc_cpu,66.5
70,rpi5_2,rpi5_1,72.2
70,rpi5_2,rpi5_3,70.9
70,rpi5_2,jetson1,48.4
70,rpi5_2,jetson2,48.8
70,rpi5_2,jetson3,34.0
70,rpi5_2,pc_cpu,54.3
70,rpi5_3,rpi5_1,71.3
70,rpi5_3,rpi5_2,70.9
70,rpi5_3,jetson1,38.3
70,rpi5_3,jetson2,37.0
70,rpi5_3,jetson3,44.8
70,rpi5_3,pc_cpu,55.4
70,jetson1,rpi5_1,38.2
70,jetson1,rpi5_2,48.4
70,jetson1,rpi5_3,38.3
70,jetson1,jetson2,119.2
70,jetson1,jetson3,166.8
70,jetson1,pc_cpu,147.8
70,jetson2,rpi5_1,47.4
70,jetson2,rpi5_2,48.8
70,jetson2,rpi5_3,37.0
70,jetson2,jetson1,119.2
70,jetson2,jetson3,164.5
70,jetson2,pc_cpu,124.1
70,jetson3,rpi5_1,42.4
70,jetson3,rpi5_2,34.0
70,jetson3,rpi5_3,44.8
70,jetson3,jetson1,166.8
70,jetson3,jetson2,164.5
70,jetson3,pc_cpu,123.5
70,pc_cpu,rpi5_1,66.5
70,pc_cpu,rpi5_2,54.3
70,pc_cpu,rpi5_3,55.4
70,pc_cpu,jetson1,147.8
70,pc_cpu,jetson2,124.1
70,pc_cpu,jetson3,123.5
71,rpi5_1,rpi5_2,75.7
71,rpi5_1,rpi5_3,71.2
71,rpi5_1,jetson1,33.8
71,rpi5_1,jetson2,44.8
71,rpi5_1,jetson3,35.4
71,rpi5_1,pc_cpu,70.3
71,rpi5_2,rpi5_1,75.7
71,rpi5_2,rpi5_3,75.1
71,rpi5_2,jetson1,39.4
71,rpi5_2,jetson2,38.7
71,rpi5_2,jetson3,37.2
71,rpi5_2,pc_cpu,56.6
71,rpi5_3,rpi5_1,71.2
71,rpi5_3,rpi5_2,75.1
71,rpi5_3,jetson1,43.1
71,rpi5_3,jetson2,30.7
71,rpi5_3,jetson3,35.4
71,rpi5_3,pc_cpu,53.9
71,jetson1,rpi5_1,33.8
71,jetson1,rpi5_2,39.4
71,jetson1,rpi5_3,43.1
71,jetson1,jetson2,128.4
71,jetson1,jetson3,162.2
71,jetson1,pc_cpu,136.6
71,jetson2,rpi5_1,44.8
71,jetson2,rpi5_2,38.7
71,jetson2,rpi5_3,30.7
71,jetson2,jetson1,128.4
71,jetson2,jetson3,168.5
71,jetson2,pc_cpu,105.8
71,jetson3,rpi5_1,35.4
71,jetson3,rpi5_2,37.2
71,jetson3,rpi5_3,35.4
71,jetson3,jetson1,162.2
71,jetson3,jetson2,168.5
71,jetson3,pc_cpu,136.5
71,pc_cpu,rpi5_1,70.3
71,pc_cpu,rpi5_2,56.6
71,pc_cpu,rpi5_3,53.9
71,pc_cpu,jetson1,136.6
71,pc_cpu,jetson2,105.8
71,pc_cpu,jetson3,136.5
72,rpi5_1,rpi5_2,79.0
72,rpi5_1,rpi5_3,78.0
72,rpi5_1,jetson1,39.6
72,rpi5_1,jetson2,44.6
72,rpi5_1,jetson3,35.9
72,rpi5_1,pc_cpu,57.7
72,rpi5_2,rpi5_1,79.0
72,rpi5_2,rpi5_3,80.8
72,rpi5_2,jetson1,33.6
72,rpi5_2,jetson2,32.1
72,rpi5_2,jetson3,43.3
72,rpi5_2,pc_cpu,58.4
72,rpi5_3,rpi5_1,78.0
72,rpi5_3,rpi5_2,80.8
72,rpi5_3,jetson1,39.2
72,rpi5_3,jetson2,36.8
72,rpi5_3,jetson3,40.0
72,rpi5_3,pc_cpu,63.2
72,jetson1,rpi5_1,39.6
72,jetson1,rpi5_2,33.6
72,jetson1,rpi5_3,39.2
72,jetson1,jetson2,143.0
72,jetson1,jetson3,148.5
72,jetson1,pc_cpu,121.7
72,jetson2,rpi5_1,44.6
72,jetson2,rpi5_2,32.1
72,jetson2,rpi5_3,36.8
72,jetson2,jetson1,143.0
72,jetson2,jetson3,145.3
72,jetson2,pc_cpu,105.7
72,jetson3,rpi5_1,35.9
72,jetson3,rpi5_2,43.3
72,jetson3,rpi5_3,40.0
72,jetson3,jetson1,148.5
72,jetson3,jetson2,145.3
72,jetson3,pc_cpu,137.0
72,pc_cpu,rpi5_1,57.7
72,pc_cpu,rpi5_2,58.4
72,pc_cpu,rpi5_3,63.2
72,pc_cpu,jetson1,121.7
72,pc_cpu,jetson2,105.7
72,pc_cpu,jetson3,137.0
73,rpi5_1,rpi5_2,84.2
73,rpi5_1,rpi5_3,65.3
73,rpi5_1,jetson1,30.7
73,rpi5_1,jetson2,46.2
73,rpi5_1,jetson3,42.3
73,rpi5_1,pc_cpu,54.5
73,rpi5_2,rpi5_1,84.2
73,rpi5_2,rpi5_3,65.6
73,rpi5_2,jetson1,36.6
73,rpi5_2,jetson2,34.0
73,rpi5_2,jetson3,41.4
73,rpi5_2,pc_cpu,54.1
73,rpi5_3,rpi5_1,65.3
73,rpi5_3,rpi5_2,65.6
73,rpi5_3,jetson1,43.1
73,rpi5_3,jetson2,41.1
73,rpi5_3,jetson3,43.5
73,rpi5_3,pc_cpu,64.1
73,jetson1,rpi5_1,30.7
73,jetson1,rpi5_2,36.6
73,jetson1,rpi5_3,43.1
73,jetson1,jetson2,162.6
73,jetson1,jetson3,140.2
73,jetson1,pc_cpu,110.2
73,jetson2,rpi5_1,46.2
73,jetson2,rpi5_2,34.0
73,jetson2,rpi5_3,41.1
73,jetson2,jetson1,162.6
73,jetson2,jetson3,155.9
73,jetson2,pc_cpu,114.8
73,jetson3,rpi5_1,42.3
73,jetson3,rpi5_2,41.4
73,jetson3,rpi5_3,43.5
73,jetson3,jetson1,140.2
73,jetson3,jetson2,155.9
73,jetson3,pc_cpu,107.3
73,pc_cpu,rpi5_1,54.5
73,pc_cpu,rpi5_2,54.1
73,pc_cpu,rpi5_3,64.1
73,pc_cpu,jetson1,110.2
73,pc_cpu,jetson2,114.8
73,pc_cpu,jetson3,107.3
74,rpi5_1,rpi5_2,71.6
74,rpi5_1,rpi5_3,65.0
74,rpi5_1,jetson1,38.8
74,rpi5_1,jetson2,37.8
74,rpi5_1,jetson3,38.8
74,rpi5_1,pc_cpu,49.8
74,rpi5_2,rpi5_1,71.6
74,rpi5_2,rpi5_3,68.8
74,rpi5_2,jetson1,35.5
74,rpi5_2,jetson2,34.8
74,rpi5_2,jetson3,38.5
74,rpi5_2,pc_cpu,60.1
74,rpi5_3,rpi5_1,65.0
74,rpi5_3,rpi5_2,68.8
74,rpi5_3,jetson1,38.2
74,rpi5_3,jetson2,35.4
74,rpi5_3,jetson3,40.3
74,rpi5_3,pc_cpu,61.1
74,jetson1,rpi5_1,38.8
74,jetson1,rpi5_2,35.5
74,jetson1,rpi5_3,38.2
74,jetson1,jetson2,152.4
74,jetson1,jetson3,185.5
74,jetson1,pc_cpu,105.0
74,jetson2,rpi5_1,37.8
74,jetson2,rpi5_2,34.8
74,jetson2,rpi5_3,35.4
74,jetson2,jetson1,152.4
74,jetson2,jetson3,159.1
74,jetson2,pc_cpu,106.2
74,jetson3,rpi5_1,38.8
74,jetson3,rpi5_2,38.5
74,jetson3,rpi5_3,40.3
74,jetson3,jetson1,185.5
74,jetson3,jetson2,159.1
74,jetson3,pc_cpu,137.0
74,pc_cpu,rpi5_1,49.8
74,pc_cpu,rpi5_2,60.1
74,pc_cpu,rpi5_3,61.1
74,pc_cpu,jetson1,105.0
74,pc_cpu,jetson2,106.2
74,pc_cpu,jetson3,137.0
75,rpi5_1,rpi5_2,75.6
75,rpi5_1,rpi5_3,80.3
75,rpi5_1,jetson1,44.3
75,rpi5_1,jetson2,36.9
75,rpi5_1,jetson3,45.9
75,rpi5_1,pc_cpu,56.8
75,rpi5_2,rpi5_1,75.6
75,rpi5_2,rpi5_3,72.5
75,rpi5_2,jetson1,40.7
75,rpi5_2,jetson2,42.7
75,rpi5_2,jetson3,40.2
75,rpi5_2,pc_cpu,53.3
75,rpi5_3,rpi5_1,80.3
75,rpi5_3,rpi5_2,72.5
75,rpi5_3,jetson1,42.9
75,rpi5_3,jetson2,36.0
75,rpi5_3,jetson3,38.6
75,rpi5_3,pc_cpu,50.5
75,jetson1,rpi5_1,44.3
75,jetson1,rpi5_2,40.7
75,jetson1,rpi5_3,42.9
75,jetson1,jetson2,133.4
75,jetson1,jetson3,144.9
75,jetson1,pc_cpu,130.8
75,jetson2,rpi5_1,36.9
75,jetson2,rpi5_2,42.7
75,jetson2,rpi5_3,36.0
75,jetson2,jetson1,133.4
75,jetson2,jetson3,145.6
75,jetson2,pc_cpu,148.4
75,jetson3,rpi5_1,45.9
75,jetson3,rpi5_2,40.2
75,jetson3,rpi5_3,38.6
75,jetson3,jetson1,144.9
75,jetson3,jetson2,145.6
75,jetson3,pc_cpu,136.7
75,pc_cpu,rpi5_1,56.8
75,pc_cpu,rpi5_2,53.3
75,pc_cpu,rpi5_3,50.5
75,pc_cpu,jetson1,130.8
75,pc_cpu,jetson2,148.4
75,pc_cpu,jetson3,136.7
76,rpi5_1,rpi5_2,74.5
76,rpi5_1,rpi5_3,74.5
76,rpi5_1,jetson1,37.8
76,rpi5_1,jetson2,36.6
76,rpi5_1,jetson3,46.0
76,rpi5_1,pc_cpu,57.8
76,rpi5_2,rpi5_1,74.5
76,rpi5_2,rpi5_3,78.2
76,rpi5_2,jetson1,43.9
76,rpi5_2,jetson2,36.1
76,rpi5_2,jetson3,37.9
76,rpi5_2,pc_cpu,63.0
76,rpi5_3,rpi5_1,74.5
76,rpi5_3,rpi5_2,78.2
76,rpi5_3,jetson1,40.0
76,rpi5_3,jetson2,42.4
76,rpi5_3,jetson3,31.6
76,rpi5_3,pc_cpu,57.8
76,jetson1,rpi5_1,37.8
76,jetson1,rpi5_2,43.9
76,jetson1,rpi5_3,40.0
76,jetson1,jetson2,141.8
76,jetson1,jetson3,168.7
76,jetson1,pc_cpu,107.0
76,jetson2,rpi5_1,36.6
76,jetson2,rpi5_2,36.1
76,jetson2,rpi5_3,42.4
76,jetson2,jetson1,141.8
76,jetson2,jetson3,164.5
76,jetson2,pc_cpu,126.7
76,jetson3,rpi5_1,46.0
76,jetson3,rpi5_2,37.9
76,jetson3,rpi5_3,31.6
76,jetson3,jetson1,168.7
76,jetson3,jetson2,164.5
76,jetson3,pc_cpu,123.6
76,pc_cpu,rpi5_1,57.8
76,pc_cpu,rpi5_2,63.0
76,pc_cpu,rpi5_3,57.8
76,pc_cpu,jetson1,107.0
76,pc_cpu,jetson2,126.7
76,pc_cpu,jetson3,123.6
77,rpi5_1,rpi5_2,71.1
77,rpi5_1,rpi5_3,87.5
77,rpi5_1,jetson1,40.2
77,rpi5_1,jetson2,36.9
77,rpi5_1,jetson3,39.4
77,rpi5_1,pc_cpu,53.0
77,rpi5_2,rpi5_1,71.1
77,rpi5_2,rpi5_3,68.7
77,rpi5_2,jetson1,44.4
77,rpi5_2,jetson2,40.2
77,rpi5_2,jetson3,39.9
77,rpi5_2,pc_cpu,49.7
77,rpi5_3,rpi5_1,87.5
77,rpi5_3,rpi5_2,68.7
77,rpi5_3,jetson1,39.5
77,rpi5_3,jetson2,44.3
77,rpi5_3,jetson3,39.4
77,rpi5_3,pc_cpu,53.2
77,jetson1,rpi5_1,40.2
77,jetson1,rpi5_2,44.4
77,jetson1,rpi5_3,39.5
77,jetson1,jetson2,125.7
77,jetson1,jetson3,134.3
77,jetson1,pc_cpu,121.1
77,jetson2,rpi5_1,36.9
77,jetson2,rpi5_2,40.2
77,jetson2,rpi5_3,44.3
77,jetson2,jetson1,125.7
77,jetson2,jetson3,154.0
77,jetson2,pc_cpu,124.4
77,jetson3,rpi5_1,39.4
77,jetson3,rpi5_2,39.9
77,jetson3,rpi5_3,39.4
77,jetson3,jetson1,134.3
77,jetson3,jetson2,154.0
77,jetson3,pc_cpu,145.6
77,pc_cpu,rpi5_1,53.0
77,pc_cpu,rpi5_2,49.7
77,pc_cpu,rpi5_3,53.2
77,pc_cpu,jetson1,121.1
77,pc_cpu,jetson2,124.4
77,pc_cpu,jetson3,145.6
78,rpi5_1,rpi5_2,67.1
78,rpi5_1,rpi5_3,73.5
78,rpi5_1,jetson1,38.7
78,rpi5_1,jetson2,48.0
78,rpi5_1,jetson3,34.3
78,rpi5_1,pc_cpu,54.0
78,rpi5_2,rpi5_1,67.1
78,rpi5_2,rpi5_3,81.5
78,rpi5_2,jetson1,37.0
78,rpi5_2,jetson2,38.4
78,rpi5_2,jetson3,37.3
78,rpi5_2,pc_cpu,63.2
78,rpi5_3,rpi5_1,73.5
78,rpi5_3,rpi5_2,81.5
78,rpi5_3,jetson1,31.8
78,rpi5_3,jetson2,30.4
78,rpi5_3,jetson3,41.7
78,rpi5_3,pc_cpu,54.7
78,jetson1,rpi5_1,38.7
78,jetson1,rpi5_2,37.0
78,jetson1,rpi5_3,31.8
78,jetson1,jetson2,153.1
78,jetson1,jetson3,156.0
78,jetson1,pc_cpu,127.9
78,jetson2,rpi5_1,48.0
78,jetson2,rpi5_2,38.4
78,jetson2,rpi5_3,30.4
78,jetson2,jetson1,153.1
78,jetson2,jetson3,160.7
78,jetson2,pc_cpu,103.8
78,jetson3,rpi5_1,34.3
78,jetson3,rpi5_2,37.3
78,jetson3,rpi5_3,41.7
78,jetson3,jetson1,156.0
78,jetson3,jetson2,160.7
78,jetson3,pc_cpu,130.5
78,pc_cpu,rpi5_1,54.0
78,pc_cpu,rpi5_2,63.2
78,pc_cpu,rpi5_3,54.7
78,pc_cpu,jetson1,127.9
78,pc_cpu,jetson2,103.8
78,pc_cpu,jetson3,130.5
79,rpi5_1,rpi5_2,76.7
79,rpi5_1,rpi5_3,82.5
79,rpi5_1,jetson1,42.6
79,rpi5_1,jetson2,42.3
79,rpi5_1,jetson3,36.3
79,rpi5_1,pc_cpu,67.6
79,rpi5_2,rpi5_1,76.7
79,rpi5_2,rpi5_3,86.9
79,rpi5_2,jetson1,37.7
79,rpi5_2,jetson2,39.4
79,rpi5_2,jetson3,35.7
79,rpi5_2,pc_cpu,67.8
79,rpi5_3,rpi5_1,82.5
79,rpi5_3,rpi5_2,86.9
79,rpi5_3,jetson1,38.9
79,rpi5_3,jetson2,37.5
79,rpi5_3,jetson3,38.9
79,rpi5_3,pc_cpu,52.7
79,jetson1,rpi5_1,42.6
79,jetson1,rpi5_2,37.7
79,jetson1,rpi5_3,38.9
79,jetson1,jetson2,147.6
79,jetson1,jetson3,152.4
79,jetson1,pc_cpu,138.6
79,jetson2,rpi5_1,42.3
79,jetson2,rpi5_2,39.4
79,jetson2,rpi5_3,37.5
79,jetson2,jetson1,147.6
79,jetson2,jetson3,145.3
79,jetson2,pc_cpu,116.7
79,jetson3,rpi5_1,36.3
79,jetson3,rpi5_2,35.7
79,jetson3,rpi5_3,38.9
79,jetson3,jetson1,152.4
79,jetson3,jetson2,145.3
79,jetson3,pc_cpu,98.7
79,pc_cpu,rpi5_1,67.6
79,pc_cpu,rpi5_2,67.8
79,pc_cpu,rpi5_3,52.7
79,pc_cpu,jetson1,138.6
79,pc_cpu,jetson2,116.7
79,pc_cpu,jetson3,98.7
80,rpi5_1,rpi5_2,68.0
80,rpi5_1,rpi5_3,73.1
80,rpi5_1,jetson1,41.3
80,rpi5_1,jetson2,37.7
80,rpi5_1,jetson3,40.5
80,rpi5_1,pc_cpu,57.3
80,rpi5_2,rpi5_1,68.0
80,rpi5_2,rpi5_3,70.9
80,rpi5_2,jetson1,37.1
80,rpi5_2,jetson2,39.7
80,rpi5_2,jetson3,44.3
80,rpi5_2,pc_cpu,66.7
80,rpi5_3,rpi5_1,73.1
80,rpi5_3,rpi5_2,70.9
80,rpi5_3,jetson1,46.4
80,rpi5_3,jetson2,35.3
80,rpi5_3,jetson3,27.8
80,rpi5_3,pc_cpu,60.2
80,jetson1,rpi5_1,41.3
80,jetson1,rpi5_2,37.1
80,jetson1,rpi5_3,46.4
80,jetson1,jetson2,157.1
80,jetson1,jetson3,137.0
80,jetson1,pc_cpu,130.5
80,jetson2,rpi5_1,37.7
80,jetson2,rpi5_2,39.7
80,jetson2,rpi5_3,35.3
80,jetson2,jetson1,157.1
80,jetson2,jetson3,137.4
80,jetson2,pc_cpu,134.4
80,jetson3,rpi5_1,40.5
80,jetson3,rpi5_2,44.3
80,jetson3,rpi5_3,27.8
80,jetson3,jetson1,137.0
80,jetson3,jetson2,137.4
80,jetson3,pc_cpu,100.4
80,pc_cpu,rpi5_1,57.3
80,pc_cpu,rpi5_2,66.7
80,pc_cpu,rpi5_3,60.2
80,pc_cpu,jetson1,130.5
80,pc_cpu,jetson2,134.4
80,pc_cpu,jetson3,100.4
81,rpi5_1,rpi5_2,69.9
81,rpi5_1,rpi5_3,67.6
81,rpi5_1,jetson1,37.1
81,rpi5_1,jetson2,42.3
81,rpi5_1,jetson3,31.4
81,rpi5_1,pc_cpu,62.0
81,rpi5_2,rpi5_1,69.9
81,rpi5_2,rpi5_3,82.9
81,rpi5_2,jetson1,39.0
81,rpi5_2,jetson2,35.1
81,rpi5_2,jetson3,45.1
81,rpi5_2,pc_cpu,56.0
81,rpi5_3,rpi5_1,67.6
81,rpi5_3,rpi5_2,82.9
81,rpi5_3,jetson1,35.1
81,rpi5_3,jetson2,44.6
81,rpi5_3,jetson3,35.4
81,rpi5_3,pc_cpu,59.7
81,jetson1,rpi5_1,37.1
81,jetson1,rpi5_2,39.0
81,jetson1,rpi5_3,35.1
81,jetson1,jetson2,135.6
81,jetson1,jetson3,139.1
81,jetson1,pc_cpu,128.3
81,jetson2,rpi5_1,42.3
81,jetson2,rpi5_2,35.1
81,jetson2,rpi5_3,44.6
81,jetson2,jetson1,135.6
81,jetson2,jetson3,152.3
81,jetson2,pc_cpu,128.0
81,jetson3,rpi5_1,31.4
81,jetson3,rpi5_2,45.1
81,jetson3,rpi5_3,35.4
81,jetson3,jetson1,139.1
81,jetson3,jetson2,152.3
81,jetson3,pc_cpu,111.8
81,pc_cpu,rpi5_1,62.0
81,pc_cpu,rpi5_2,56.0
81,pc_cpu,rpi5_3,59.7
81,pc_cpu,jetson1,128.3
81,pc_cpu,jetson2,128.0
81,pc_cpu,jetson3,111.8
82,rpi5_1,rpi5_2,74.3
82,rpi5_1,rpi5_3,74.3
82,rpi5_1,jetson1,38.6
82,rpi5_1,jetson2,39.8
82,rpi5_1,jetson3,41.8
82,rpi5_1,pc_cpu,70.5
82,rpi5_2,rpi5_1,74.3
82,rpi5_2,rpi5_3,75.8
82,rpi5_2,jetson1,35.0
82,rpi5_2,jetson2,43.1
82,rpi5_2,jetson3,39.8
82,rpi5_2,pc_cpu,60.0
82,rpi5_3,rpi5_1,74.3
82,rpi5_3,rpi5_2,75.8
82,rpi5_3,jetson1,47.0
82,rpi5_3,jetson2,43.7
82,rpi5_3,jetson3,36.0
82,rpi5_3,pc_cpu,65.7
82,jetson1,rpi5_1,38.6
82,jetson1,rpi5_2,35.0
82,jetson1,rpi5_3,47.0
82,jetson1,jetson2,181.4
82,jetson1,jetson3,172.2
82,jetson1,pc_cpu,130.3
82,jetson2,rpi5_1,39.8
82,jetson2,rpi5_2,43.1
82,jetson2,rpi5_3,43.7
82,jetson2,jetson1,181.4
82,jetson2,jetson3,156.5
82,jetson2,pc_cpu,109.6
82,jetson3,rpi5_1,41.8
82,jetson3,rpi5_2,39.8
82,jetson3,rpi5_3,36.0
82,jetson3,jetson1,172.2
82,jetson3,jetson2,156.5
82,jetson3,pc_cpu,126.7
82,pc_cpu,rpi5_1,70.5
82,pc_cpu,rpi5_2,60.0
82,pc_cpu,rpi5_3,65.7
82,pc_cpu,jetson1,130.3
82,pc_cpu,jetson2,109.6
82,pc_cpu,jetson3,126.7
83,rpi5_1,rpi5_2,75.5
83,rpi5_1,rpi5_3,80.6
83,rpi5_1,jetson1,37.8
83,rpi5_1,jetson2,37.6
83,rpi5_1,jetson3,43.3
83,rpi5_1,pc_cpu,54.7
83,rpi5_2,rpi5_1,75.5
83,rpi5_2,rpi5_3,79.9
83,rpi5_2,jetson1,44.5
83,rpi5_2,jetson2,38.2
83,rpi5_2,jetson3,35.6
83,rpi5_2,pc_cpu,63.6
83,rpi5_3,rpi5_1,80.6
83,rpi5_3,rpi5_2,79.9
83,rpi5_3,jetson1,35.5
83,rpi5_3,jetson2,43.6
83,rpi5_3,jetson3,33.7
83,rpi5_3,pc_cpu,67.7
83,jetson1,rpi5_1,37.8
83,jetson1,rpi5_2,44.5
83,jetson1,rpi5_3,35.5
83,jetson1,jetson2,137.6
83,jetson1,jetson3,140.2
83,jetson1,pc_cpu,143.7
83,jetson2,rpi5_1,37.6
83,jetson2,rpi5_2,38.2
83,jetson2,rpi5_3,43.6
83,jetson2,jetson1,137.6
83,jetson2,jetson3,160.9
83,jetson2,pc_cpu,141.0
83,jetson3,rpi5_1,43.3
83,jetson3,rpi5_2,35.6
83,jetson3,rpi5_3,33.7
83,jetson3,jetson1,140.2
83,jetson3,jetson2,160.9
83,jetson3,pc_cpu,129.7
83,pc_cpu,rpi5_1,54.7
83,pc_cpu,rpi5_2,63.6
83,pc_cpu,rpi5_3,67.7
83,pc_cpu,jetson1,143.7
83,pc_cpu,jetson2,141.0
83,pc_cpu,jetson3,129.7
84,rpi5_1,rpi5_2,74.8
84,rpi5_1,rpi5_3,67.6
84,rpi5_1,jetson1,36.2
84,rpi5_1,jetson2,40.6
84,rpi5_1,jetson3,36.4
84,rpi5_1,pc_cpu,62.7
84,rpi5_2,rpi5_1,74.8
84,rpi5_2,rpi5_3,73.2
84,rpi5_2,jetson1,41.1
84,rpi5_2,jetson2,35.2
84,rpi5_2,jetson3,46.9
84,rpi5_2,pc_cpu,61.9
84,rpi5_3,rpi5_1,67.6
84,rpi5_3,rpi5_2,73.2
84,rpi5_3,jetson1,46.9
84,rpi5_3,jetson2,39.1
84,rpi5_3,jetson3,33.2
84,rpi5_3,pc_cpu,68.8
84,jetson1,rpi5_1,36.2
84,jetson1,rpi5_2,41.1
84,jetson1,rpi5_3,46.9
84,jetson1,jetson2,152.8
84,jetson1,jetson3,150.0
84,jetson1,pc_cpu,156.5
84,jetson2,rpi5_1,40.6
84,jetson2,rpi5_2,35.2
84,jetson2,rpi5_3,39.1
84,jetson2,jetson1,152.8
84,jetson2,jetson3,170.9
84,jetson2,pc_cpu,126.3
84,jetson3,rpi5_1,36.4
84,jetson3,rpi5_2,46.9
84,jetson3,rpi5_3,33.2
84,jetson3,jetson1,150.0
84,jetson3,jetson2,170.9
84,jetson3,pc_cpu,130.0
84,pc_cpu,rpi5_1,62.7
84,pc_cpu,rpi5_2,61.9
84,pc_cpu,rpi5_3,68.8
84,pc_cpu,jetson1,156.5
84,pc_cpu,jetson2,126.3
84,pc_cpu,jetson3,130.0
85,rpi5_1,rpi5_2,83.1
85,rpi5_1,rpi5_3,88.9
85,rpi5_1,jetson1,45.2
85,rpi5_1,jetson2,34.6
85,rpi5_1,jetson3,39.0
85,rpi5_1,pc_cpu,62.0
85,rpi5_2,rpi5_1,83.1
85,rpi5_2,rpi5_3,66.9
85,rpi5_2,jetson1,35.5
85,rpi5_2,jetson2,41.6
85,rpi5_2,jetson3,44.8
85,rpi5_2,pc_cpu,62.5
85,rpi5_3,rpi5_1,88.9
85,rpi5_3,rpi5_2,66.9
85,rpi5_3,jetson1,35.7
85,rpi5_3,jetson2,34.7
85,rpi5_3,jetson3,43.2
85,rpi5_3,pc_cpu,59.4
85,jetson1,rpi5_1,45.2
85,jetson1,rpi5_2,35.5
85,jetson1,rpi5_3,35.7
85,jetson1,jetson2,157.1
85,jetson1,jetson3,165.1
85,jetson1,pc_cpu,125.2
85,jetson2,rpi5_1,34.6
85,jetson2,rpi5_2,41.6
85,jetson2,rpi5_3,34.7
85,jetson2,jetson1,157.1
85,jetson2,jetson3,142.5
85,jetson2,pc_cpu,141.0
85,jetson3,rpi5_1,39.0
85,jetson3,rpi5_2,44.8
85,jetson3,rpi5_3,43.2
85,jetson3,jetson1,165.1
85,jetson3,jetson2,142.5
85,jetson3,pc_cpu,122.0
85,pc_cpu,rpi5_1,62.0
85,pc_cpu,rpi5_2,62.5
85,pc_cpu,rpi5_3,59.4
85,pc_cpu,jetson1,125.2
85,pc_cpu,jetson2,141.0
85,pc_cpu,jetson3,122.0
86,rpi5_1,rpi5_2,77.0
86,rpi5_1,rpi5_3,84.7
86,rpi5_1,jetson1,43.4
86,rpi5_1,jetson2,45.3
86,rpi5_1,jetson3,50.6
86,rpi5_1,pc_cpu,61.8
86,rpi5_2,rpi5_1,77.0
86,rpi5_2,rpi5_3,63.9
86,rpi5_2,jetson1,41.5
86,rpi5_2,jetson2,49.3
86,rpi5_2,jetson3,39.7
86,rpi5_2,pc_cpu,62.3
86,rpi5_3,rpi5_1,84.7
86,rpi5_3,rpi5_2,63.9
86,rpi5_3,jetson1,38.6
86,rpi5_3,jetson2,44.5
86,rpi5_3,jetson3,36.2
86,rpi5_3,pc_cpu,61.6
86,jetson1,rpi5_1,43.4
86,jetson1,rpi5_2,41.5
86,jetson1,rpi5_3,38.6
86,jetson1,jetson2,169.8
86,jetson1,jetson3,162.3
86,jetson1,pc_cpu,144.7
86,jetson2,rpi5_1,45.3
86,jetson2,rpi5_2,49.3
86,jetson2,rpi5_3,44.5
86,jetson2,jetson1,169.8
86,jetson2,jetson3,142.7
86,jetson2,pc_cpu,132.4
86,jetson3,rpi5_1,50.6
86,jetson3,rpi5_2,39.7
86,jetson3,rpi5_3,36.2
86,jetson3,jetson1,162.3
86,jetson3,jetson2,142.7
86,jetson3,pc_cpu,151.9
86,pc_cpu,rpi5_1,61.8
86,pc_cpu,rpi5_2,62.3
86,pc_cpu,rpi5_3,61.6
86,pc_cpu,jetson1,144.7
86,pc_cpu,jetson2,132.4
86,pc_cpu,jetson3,151.9
87,rpi5_1,rpi5_2,68.0
87,rpi5_1,rpi5_3,81.4
87,rpi5_1,jetson1,42.5
87,rpi5_1,jetson2,45.6
87,rpi5_1,jetson3,39.8
87,rpi5_1,pc_cpu,62.1
87,rpi5_2,rpi5_1,68.0
87,rpi5_2,rpi5_3,70.9
87,rpi5_2,jetson1,44.1
87,rpi5_2,jetson2,42.3
87,rpi5_2,jetson3,37.2
87,rpi5_2,pc_cpu,68.6
87,rpi5_3,rpi5_1,81.4
87,rpi5_3,rpi5_2,70.9
87,rpi5_3,jetson1,48.3
87,rpi5_3,jetson2,39.2
87,rpi5_3,jetson3,40.5
87,rpi5_3,pc_cpu,65.8
87,jetson1,rpi5_1,42.5
87,jetson1,rpi5_2,44.1
87,jetson1,rpi5_3,48.3
87,jetson1,jetson2,181.1
87,jetson1,jetson3,172.4
87,jetson1,pc_cpu,118.3
87,jetson2,rpi5_1,45.6
87,jetson2,rpi5_2,42.3
87,jetson2,rpi5_3,39.2
87,jetson2,jetson1,181.1
87,jetson2,jetson3,173.3
87,jetson2,pc_cpu,145.7
87,jetson3,rpi5_1,39.8
87,jetson3,rpi5_2,37.2
87,jetson3,rpi5_3,40.5
87,jetson3,jetson1,172.4
87,jetson3,jetson2,173.3
87,jetson3,pc_cpu,126.2
87,pc_cpu,rpi5_1,62.1
87,pc_cpu,rpi5_2,68.6
87,pc_cpu,rpi5_3,65.8
87,pc_cpu,jetson1,118.3
87,pc_cpu,jetson2,145.7
87,pc_cpu,jetson3,126.2
88,rpi5_1,rpi5_2,78.7
88,rpi5_1,rpi5_3,75.8
88,rpi5_1,jetson1,39.3
88,rpi5_1,jetson2,45.7
88,rpi5_1,jetson3,40.9
88,rpi5_1,pc_cpu,65.0
88,rpi5_2,rpi5_1,78.7
88,rpi5_2,rpi5_3,77.7
88,rpi5_2,jetson1,44.5
88,rpi5_2,jetson2,49.6
88,rpi5_2,jetson3,45.5
88,rpi5_2,pc_cpu,55.4
88,rpi5_3,rpi5_1,75.8
88,rpi5_3,rpi5_2,77.7
88,rpi5_3,jetson1,39.3
88,rpi5_3,jetson2,35.6
88,rpi5_3,jetson3,39.5
88,rpi5_3,pc_cpu,65.4
88,jetson1,rpi5_1,39.3
88,jetson1,rpi5_2,44.5
88,jetson1,rpi5_3,39.3
88,jetson1,jetson2,154.0
88,jetson1,jetson3,183.1
88,jetson1,pc_cpu,131.5
88,jetson2,rpi5_1,45.7
88,jetson2,rpi5_2,49.6
88,jetson2,rpi5_3,35.6
88,jetson2,jetson1,154.0
88,jetson2,jetson3,161.1
88,jetson2,pc_cpu,127.3
88,jetson3,rpi5_1,40.9
88,jetson3,rpi5_2,45.5
88,jetson3,rpi5_3,39.5
88,jetson3,jetson1,183.1
88,jetson3,jetson2,161.1
88,jetson3,pc_cpu,102.7
88,pc_cpu,rpi5_1,65.0
88,pc_cpu,rpi5_2,55.4
88,pc_cpu,rpi5_3,65.4
88,pc_cpu,jetson1,131.5
88,pc_cpu,jetson2,127.3
88,pc_cpu,jetson3,102.7
89,rpi5_1,rpi5_2,76.8
89,rpi5_1,rpi5_3,94.5
89,rpi5_1,jetson1,42.1
89,rpi5_1,jetson2,42.1
89,rpi5_1,jetson3,40.7
89,rpi5_1,pc_cpu,58.0
89,rpi5_2,rpi5_1,76.8
89,rpi5_2,rpi5_3,68.8
89,rpi5_2,jetson1,52.4
89,rpi5_2,jetson2,48.6
89,rpi5_2,jetson3,37.2
89,rpi5_2,pc_cpu,57.4
89,rpi5_3,rpi5_1,94.5
89,rpi5_3,rpi5_2,68.8
89,rpi5_3,jetson1,43.1
89,rpi5_3,jetson2,45.4
89,rpi5_3,jetson3,39.0
89,rpi5_3,pc_cpu,57.3
89,jetson1,rpi5_1,42.1
89,jetson1,rpi5_2,52.4
89,jetson1,rpi5_3,43.1
89,jetson1,jetson2,158.2
89,jetson1,jetson3,169.5
89,jetson1,pc_cpu,123.7
89,jetson2,rpi5_1,42.1
89,jetson2,rpi5_2,48.6
89,jetson2,rpi5_3,45.4
89,jetson2,jetson1,158.2
89,jetson2,jetson3,181.7
89,jetson2,pc_cpu,147.9
89,jetson3,rpi5_1,40.7
89,jetson3,rpi5_2,37.2
89,jetson3,rpi5_3,39.0
89,jetson3,jetson1,169.5
89,jetson3,jetson2,181.7
89,jetson3,pc_cpu,141.0
89,pc_cpu,rpi5_1,58.0
89,pc_cpu,rpi5_2,57.4
89,pc_cpu,rpi5_3,57.3
89,pc_cpu,jetson1,123.7
89,pc_cpu,jetson2,147.9
89,pc_cpu,jetson3,141.0
90,rpi5_1,rpi5_2,90.5
90,rpi5_1,rpi5_3,82.5
90,rpi5_1,jetson1,37.1
90,rpi5_1,jetson2,45.1
90,rpi5_1,jetson3,43.9
90,rpi5_1,pc_cpu,75.6
90,rpi5_2,rpi5_1,90.5
90,rpi5_2,rpi5_3,73.3
90,rpi5_2,jetson1,39.1
90,rpi5_2,jetson2,48.3
90,rpi5_2,jetson3,49.3
90,rpi5_2,pc_cpu,61.3
90,rpi5_3,rpi5_1,82.5
90,rpi5_3,rpi5_2,73.3
90,rpi5_3,jetson1,43.0
90,rpi5_3,jetson2,36.7
90,rpi5_3,jetson3,45.3
90,rpi5_3,pc_cpu,61.5
90,jetson1,rpi5_1,37.1
90,jetson1,rpi5_2,39.1
90,jetson1,rpi5_3,43.0
90,jetson1,jetson2,179.9
90,jetson1,jetson3,188.9
90,jetson1,pc_cpu,133.1
90,jetson2,rpi5_1,45.1
90,jetson2,rpi5_2,48.3
90,jetson2,rpi5_3,36.7
90,jetson2,jetson1,179.9
90,jetson2,jetson3,173.1
90,jetson2,pc_cpu,133.1
90,jetson3,rpi5_1,43.9
90,jetson3,rpi5_2,49.3
90,jetson3,rpi5_3,45.3
90,jetson3,jetson1,188.9
90,jetson3,jetson2,173.1
90,jetson3,pc_cpu,148.6
90,pc_cpu,rpi5_1,75.6
90,pc_cpu,rpi5_2,61.3
90,pc_cpu,rpi5_3,61.5
90,pc_cpu,jetson1,133.1
90,pc_cpu,jetson2,133.1
90,pc_cpu,jetson3,148.6
91,rpi5_1,rpi5_2,80.9
91,rpi5_1,rpi5_3,84.4
91,rpi5_1,jetson1,40.5
91,rpi5_1,jetson2,38.3
91,rpi5_1,jetson3,46.8
91,rpi5_1,pc_cpu,61.2
91,rpi5_2,rpi5_1,80.9
91,rpi5_2,rpi5_3,82.4
91,rpi5_2,jetson1,35.7
91,rpi5_2,jetson2,38.3
91,rpi5_2,jetson3,51.3
91,rpi5_2,pc_cpu,69.7
91,rpi5_3,rpi5_1,84.4
91,rpi5_3,rpi5_2,82.4
91,rpi5_3,jetson1,40.9
91,rpi5_3,jetson2,39.0
91,rpi5_3,jetson3,41.8
91,rpi5_3,pc_cpu,78.2
91,jetson1,rpi5_1,40.5
91,jetson1,rpi5_2,35.7
91,jetson1,rpi5_3,40.9
91,jetson1,jetson2,135.5
91,jetson1,jetson3,145.7
91,jetson1,pc_cpu,136.9
91,jetson2,rpi5_1,38.3
91,jetson2,rpi5_2,38.3
91,jetson2,rpi5_3,39.0
91,jetson2,jetson1,135.5
91,jetson2,jetson3,165.5
91,jetson2,pc_cpu,137.1
91,jetson3,rpi5_1,46.8
91,jetson3,rpi5_2,51.3
91,jetson3,rpi5_3,41.8
91,jetson3,jetson1,145.7
91,jetson3,jetson2,165.5
91,jetson3,pc_cpu,126.8
91,pc_cpu,rpi5_1,61.2
91,pc_cpu,rpi5_2,69.7
91,pc_cpu,rpi5_3,78.2
91,pc_cpu,jetson1,136.9
91,pc_cpu,jetson2,137.1
91,pc_cpu,jetson3,126.8
92,rpi5_1,rpi5_2,96.9
92,rpi5_1,rpi5_3,93.4
92,rpi5_1,jetson1,49.8
92,rpi5_1,jetson2,44.5
92,rpi5_1,jetson3,42.5
92,rpi5_1,pc_cpu,73.7
92,rpi5_2,rpi5_1,96.9
92,rpi5_2,rpi5_3,70.5
92,rpi5_2,jetson1,43.7
92,rpi5_2,jetson2,46.6
92,rpi5_2,jetson3,45.0
92,rpi5_2,pc_cpu,69.4
92,rpi5_3,rpi5_1,93.4
92,rpi5_3,rpi5_2,70.5
92,rpi5_3,jetson1,47.5
92,rpi5_3,jetson2,36.2
92,rpi5_3,jetson3,48.5
92,rpi5_3,pc_cpu,72.3
92,jetson1,rpi5_1,49.8
92,jetson1,rpi5_2,43.7
92,jetson1,rpi5_3,47.5
92,jetson1,jetson2,191.3
92,jetson1,jetson3,182.9
92,jetson1,pc_cpu,127.9
92,jetson2,rpi5_1,44.5
92,jetson2,rpi5_2,46.6
92,jetson2,rpi5_3,36.2
92,jetson2,jetson1,191.3
92,jetson2,jetson3,169.1
92,jetson2,pc_cpu,155.8
92,jetson3,rpi5_1,42.5
92,jetson3,rpi5_2,45.0
92,jetson3,rpi5_3,48.5
92,jetson3,jetson1,182.9
92,jetson3,jetson2,169.1
92,jetson3,pc_cpu,152.1
92,pc_cpu,rpi5_1,73.7
92,pc_cpu,rpi5_2,69.4
92,pc_cpu,rpi5_3,72.3
92,pc_cpu,jetson1,127.9
92,pc_cpu,jetson2,155.8
92,pc_cpu,jetson3,152.1
93,rpi5_1,rpi5_2,87.3
93,rpi5_1,rpi5_3,76.3
93,rpi5_1,jetson1,41.0
93,rpi5_1,jetson2,49.3
93,rpi5_1,jetson3,45.4
93,rpi5_1,pc_cpu,76.3
93,rpi5_2,rpi5_1,87.3
93,rpi5_2,rpi5_3,86.8
93,rpi5_2,jetson1,44.4
93,rpi5_2,jetson2,40.3
93,rpi5_2,jetson3,49.6
93,rpi5_2,pc_cpu,76.8
93,rpi5_3,rpi5_1,76.3
93,rpi5_3,rpi5_2,86.8
93,rpi5_3,jetson1,44.6
93,rpi5_3,jetson2,40.4
93,rpi5_3,jetson3,41.2
93,rpi5_3,pc_cpu,69.1
93,jetson1,rpi5_1,41.0
93,jetson1,rpi5_2,44.4
93,jetson1,rpi5_3,44.6
93,jetson1,jetson2,149.1
93,jetson1,jetson3,177.8
93,jetson1,pc_cpu,141.2
93,jetson2,rpi5_1,49.3
93,jetson2,rpi5_2,40.3
93,jetson2,rpi5_3,40.4
93,jetson2,jetson1,149.1
93,jetson2,jetson3,169.5
93,jetson2,pc_cpu,143.6
93,jetson3,rpi5_1,45.4
93,jetson3,rpi5_2,49.6
93,jetson3,rpi5_3,41.2
93,jetson3,jetson1,177.8
93,jetson3,jetson2,169.5
93,jetson3,pc_cpu,139.2
93,pc_cpu,rpi5_1,76.3
93,pc_cpu,rpi5_2,76.8
93,pc_cpu,rpi5_3,69.1
93,pc_cpu,jetson1,141.2
93,pc_cpu,jetson2,143.6
93,pc_cpu,jetson3,139.2
94,rpi5_1,rpi5_2,93.7
94,rpi5_1,rpi5_3,86.5
94,rpi5_1,jetson1,43.1
94,rpi5_1,jetson2,49.7
94,rpi5_1,jetson3,52.8
94,rpi5_1,pc_cpu,80.6
94,rpi5_2,rpi5_1,93.7
94,rpi5_2,rpi5_3,96.8
94,rpi5_2,jetson1,41.1
94,rpi5_2,jetson2,45.3
94,rpi5_2,jetson3,41.5
94,rpi5_2,pc_cpu,65.0
94,rpi5_3,rpi5_1,86.5
94,rpi5_3,rpi5_2,96.8
94,rpi5_3,jetson1,52.0
94,rpi5_3,jetson2,45.5
94,rpi5_3,jetson3,51.8
94,rpi5_3,pc_cpu,73.4
94,jetson1,rpi5_1,43.1
94,jetson1,rpi5_2,41.1
94,jetson1,rpi5_3,52.0
94,jetson1,jetson2,139.6
94,jetson1,jetson3,175.4
94,jetson1,pc_cpu,153.1
94,jetson2,rpi5_1,49.7
94,jetson2,rpi5_2,45.3
94,jetson2,rpi5_3,45.5
94,jetson2,jetson1,139.6
94,jetson2,jetson3,172.4
94,jetson2,pc_cpu,165.2
94,jetson3,rpi5_1,52.8
94,jetson3,rpi5_2,41.5
94,jetson3,rpi5_3,51.8
94,jetson3,jetson1,175.4
94,jetson3,jetson2,172.4
94,jetson3,pc_cpu,177.6
94,pc_cpu,rpi5_1,80.6
94,pc_cpu,rpi5_2,65.0
94,pc_cpu,rpi5_3,73.4
94,pc_cpu,jetson1,153.1
94,pc_cpu,jetson2,165.2
94,pc_cpu,jetson3,177.6
95,rpi5_1,rpi5_2,97.4
95,rpi5_1,rpi5_3,91.4
95,rpi5_1,jetson1,45.9
95,rpi5_1,jetson2,47.2
95,rpi5_1,jetson3,53.7
95,rpi5_1,pc_cpu,74.7
95,rpi5_2,rpi5_1,97.4
95,rpi5_2,rpi5_3,94.1
95,rpi5_2,jetson1,51.1
95,rpi5_2,jetson2,56.3
95,rpi5_2,jetson3,43.0
95,rpi5_2,pc_cpu,73.4
95,rpi5_3,rpi5_1,91.4
95,rpi5_3,rpi5_2,94.1
95,rpi5_3,jetson1,47.1
95,rpi5_3,jetson2,45.3
95,rpi5_3,jetson3,47.9
95,rpi5_3,pc_cpu,76.6
95,jetson1,rpi5_1,45.9
95,jetson1,rpi5_2,51.1
95,jetson1,rpi5_3,47.1
95,jetson1,jetson2,164.5
95,jetson1,jetson3,190.2
95,jetson1,pc_cpu,137.9
95,jetson2,rpi5_1,47.2
95,jetson2,rpi5_2,56.3
95,jetson2,rpi5_3,45.3
95,jetson2,jetson1,164.5
95,jetson2,jetson3,204.8
95,jetson2,pc_cpu,166.3
95,jetson3,rpi5_1,53.7
95,jetson3,rpi5_2,43.0
95,jetson3,rpi5_3,47.9
95,jetson3,jetson1,190.2
95,jetson3,jetson2,204.8
95,jetson3,pc_cpu,154.8
95,pc_cpu,rpi5_1,74.7
95,pc_cpu,rpi5_2,73.4
95,pc_cpu,rpi5_3,76.6
95,pc_cpu,jetson1,137.9
95,pc_cpu,jetson2,166.3
95,pc_cpu,jetson3,154.8
96,rpi5_1,rpi5_2,104.2
96,rpi5_1,rpi5_3,91.1
96,rpi5_1,jetson1,46.7
96,rpi5_1,jetson2,54.1
96,rpi5_1,jetson3,54.6
96,rpi5_1,pc_cpu,58.7
96,rpi5_2,rpi5_1,104.2
96,rpi5_2,rpi5_3,90.4
96,rpi5_2,jetson1,51.9
96,rpi5_2,jetson2,45.7
96,rpi5_2,jetson3,40.8
96,rpi5_2,pc_cpu,71.7
96,rpi5_3,rpi5_1,91.1
96,rpi5_3,rpi5_2,90.4
96,rpi5_3,jetson1,52.1
96,rpi5_3,jetson2,47.1
96,rpi5_3,jetson3,54.3
96,rpi5_3,pc_cpu,76.1
96,jetson1,rpi5_1,46.7
96,jetson1,rpi5_2,51.9
96,jetson1,rpi5_3,52.1
96,jetson1,jetson2,166.6
96,jetson1,jetson3,165.5
96,jetson1,pc_cpu,140.2
96,jetson2,rpi5_1,54.1
96,jetson2,rpi5_2,45.7
96,jetson2,rpi5_3,47.1
96,jetson2,jetson1,166.6
96,jetson2,jetson3,179.4
96,jetson2,pc_cpu,153.7
96,jetson3,rpi5_1,54.6
96,jetson3,rpi5_2,40.8
96,jetson3,rpi5_3,54.3
96,jetson3,jetson1,165.5
96,jetson3,jetson2,179.4
96,jetson3,pc_cpu,143.8
96,pc_cpu,rpi5_1,58.7
96,pc_cpu,rpi5_2,71.7
96,pc_cpu,rpi5_3,76.1
96,pc_cpu,jetson1,140.2
96,pc_cpu,jetson2,153.7
96,pc_cpu,jetson3,143.8
97,rpi5_1,rpi5_2,86.3
97,rpi5_1,rpi5_3,91.3
97,rpi5_1,jetson1,44.2
97,rpi5_1,jetson2,52.3
97,rpi5_1,jetson3,45.4
97,rpi5_1,pc_cpu,68.2
97,rpi5_2,rpi5_1,86.3
97,rpi5_2,rpi5_3,87.4
97,rpi5_2,jetson1,44.5
97,rpi5_2,jetson2,45.9
97,rpi5_2,jetson3,58.0
97,rpi5_2,pc_cpu,64.6
97,rpi5_3,rpi5_1,91.3
97,rpi5_3,rpi5_2,87.4
97,rpi5_3,jetson1,51.7
97,rpi5_3,jetson2,45.8
97,rpi5_3,jetson3,53.5
97,rpi5_3,pc_cpu,74.1
97,jetson1,rpi5_1,44.2
97,jetson1,rpi5_2,44.5
97,jetson1,rpi5_3,51.7
97,jetson1,jetson2,196.5
97,jetson1,jetson3,175.9
97,jetson1,pc_cpu,150.5
97,jetson2,rpi5_1,52.3
97,jetson2,rpi5_2,45.9
97,jetson2,rpi5_3,45.8
97,jetson2,jetson1,196.5
97,jetson2,jetson3,154.6
97,jetson2,pc_cpu,177.3
97,jetson3,rpi5_1,45.4
97,jetson3,rpi5_2,58.0
97,jetson3,rpi5_3,53.5
97,jetson3,jetson1,175.9
97,jetson3,jetson2,154.6
97,jetson3,pc_cpu,130.9
97,pc_cpu,rpi5_1,68.2
97,pc_cpu,rpi5_2,64.6
97,pc_cpu,rpi5_3,74.1
97,pc_cpu,jetson1,150.5
97,pc_cpu,jetson2,177.3
97,pc_cpu,jetson3,130.9
98,rpi5_1,rpi5_2,91.4
98,rpi5_1,rpi5_3,99.3
98,rpi5_1,jetson1,46.9
98,rpi5_1,jetson2,51.9
98,rpi5_1,jetson3,41.9
98,rpi5_1,pc_cpu,89.1
98,rpi5_2,rpi5_1,91.4
98,rpi5_2,rpi5_3,100.6
98,rpi5_2,jetson1,49.2
98,rpi5_2,jetson2,40.8
98,rpi5_2,jetson3,46.2
98,rpi5_2,pc_cpu,83.6
98,rpi5_3,rpi5_1,99.3
98,rpi5_3,rpi5_2,100.6
98,rpi5_3,jetson1,51.7
98,rpi5_3,jetson2,55.6
98,rpi5_3,jetson3,46.9
98,rpi5_3,pc_cpu,69.2
98,jetson1,rpi5_1,46.9
98,jetson1,rpi5_2,49.2
98,jetson1,rpi5_3,51.7
98,jetson1,jetson2,203.3
98,jetson1,jetson3,177.3
98,jetson1,pc_cpu,172.6
98,jetson2,rpi5_1,51.9
98,jetson2,rpi5_2,40.8
98,jetson2,rpi5_3,55.6
98,jetson2,jetson1,203.3
98,jetson2,jetson3,186.5
98,jetson2,pc_cpu,145.5
98,jetson3,rpi5_1,41.9
98,jetson3,rpi5_2,46.2
98,jetson3,rpi5_3,46.9
98,jetson3,jetson1,177.3
98,jetson3,jetson2,186.5
98,jetson3,pc_cpu,124.7
98,pc_cpu,rpi5_1,89.1
98,pc_cpu,rpi5_2,83.6
98,pc_cpu,rpi5_3,69.2
98,pc_cpu,jetson1,172.6
98,pc_cpu,jetson2,145.5
98,pc_cpu,jetson3,124.7
99,rpi5_1,rpi5_2,107.8
99,rpi5_1,rpi5_3,99.3
99,rpi5_1,jetson1,50.4
99,rpi5_1,jetson2,47.5
99,rpi5_1,jetson3,55.6
99,rpi5_1,pc_cpu,88.9
99,rpi5_2,rpi5_1,107.8
99,rpi5_2,rpi5_3,115.9
99,rpi5_2,jetson1,41.8
99,rpi5_2,jetson2,54.5
99,rpi5_2,jetson3,56.0
99,rpi5_2,pc_cpu,76.7
99,rpi5_3,rpi5_1,99.3
99,rpi5_3,rpi5_2,115.9
99,rpi5_3,jetson1,45.6
99,rpi5_3,jetson2,44.5
99,rpi5_3,jetson3,44.0
99,rpi5_3,pc_cpu,74.5
99,jetson1,rpi5_1,50.4
99,jetson1,rpi5_2,41.8
99,jetson1,rpi5_3,45.6
99,jetson1,jetson2,164.0
99,jetson1,jetson3,171.0
99,jetson1,pc_cpu,151.8
99,jetson2,rpi5_1,47.5
99,jetson2,rpi5_2,54.5
99,jetson2,rpi5_3,44.5
99,jetson2,jetson1,164.0
99,jetson2,jetson3,187.6
99,jetson2,pc_cpu,143.3
99,jetson3,rpi5_1,55.6
99,jetson3,rpi5_2,56.0
99,jetson3,rpi5_3,44.0
99,jetson3,jetson1,171.0
99,jetson3,jetson2,187.6
99,jetson3,pc_cpu,153.3
99,pc_cpu,rpi5_1,88.9
99,pc_cpu,rpi5_2,76.7
99,pc_cpu,rpi5_3,74.5
99,pc_cpu,jetson1,151.8
99,pc_cpu,jetson2,143.3
99,pc_cpu,jetson3,153.3
100,rpi5_1,rpi5_2,87.0
100,rpi5_1,rpi5_3,88.0
100,rpi5_1,jetson1,59.6
100,rpi5_1,jetson2,52.9
100,rpi5_1,jetson3,45.0
100,rpi5_1,pc_cpu,85.3
100,rpi5_2,rpi5_1,87.0
100,rpi5_2,rpi5_3,89.1
100,rpi5_2,jetson1,53.8
100,rpi5_2,jetson2,45.2
100,rpi5_2,jetson3,59.2
100,rpi5_2,pc_cpu,69.1
100,rpi5_3,rpi5_1,88.0
100,rpi5_3,rpi5_2,89.1
100,rpi5_3,jetson1,45.8
100,rpi5_3,jetson2,52.2
100,rpi5_3,jetson3,51.4
100,rpi5_3,pc_cpu,89.9
100,jetson1,rpi5_1,59.6
100,jetson1,rpi5_2,53.8
100,jetson1,rpi5_3,45.8
100,jetson1,jetson2,189.6
100,jetson1,jetson3,169.9
100,jetson1,pc_cpu,153.7
100,jetson2,rpi5_1,52.9
100,jetson2,rpi5_2,45.2
100,jetson2,rpi5_3,52.2
100,jetson2,jetson1,189.6
100,jetson2,jetson3,196.5
100,jetson2,pc_cpu,173.2
100,jetson3,rpi5_1,45.0
100,jetson3,rpi5_2,59.2
100,jetson3,rpi5_3,51.4
100,jetson3,jetson1,169.9
100,jetson3,jetson2,196.5
100,jetson3,pc_cpu,135.1
100,pc_cpu,rpi5_1,85.3
100,pc_cpu,rpi5_2,69.1
100,pc_cpu,rpi5_3,89.9
100,pc_cpu,jetson1,153.7
100,pc_cpu,jetson2,173.2
100,pc_cpu,jetson3,135.1
